Actual,Predicted
7,10.409896616541355
91,89.11968965334259
30,30.324192918192917
20,21.117263862116555
101,93.8783271686051
40,34.230876984126986
5,10.020944235588972
22,24.38505997156267
37,34.964185550998714
4,9.639694235588973
30,27.587621932624742
98,95.21206634609428
23,27.17340461660743
96,93.1391615841895
9,9.328904761904761
36,34.43848555099871
21,27.751530303030304
91,91.01136991752286
9,7.6935714285714285
32,33.182547619047625
4,7.372857142857142
17,24.03393506493507
87,85.60683324899425
33,30.507499999999997
75,72.52283333333334
7,8.9875
32,29.32283333333334
16,20.535
68,60.6945
12,12.098892436974788
5,4.767531746031746
29,26.622833333333336
3,4.09939039039039
52,53.2169537037037
12,10.495783560175415
22,25.98
20,20.53
4,4.5474838015766705
45,51.66028571428572
11,9.52557029759327
18,17.06930357142857
42,43.75328544241424
7,8.438728966789958
6,5.920926913552744
5,4.374515282354611
8,9.007482775506627
39,41.69164231862981
20,16.487125
19,18.76269642857143
5,9.676002311526164
46,43.78024946148695
2,5.554494727696876
7,12.60152513227513
49,50.76985260237846
17,20.144238095238094
2,5.360267685458068
6,5.100638478921358
13,14.68348484848485
53,54.499321946169765
22,20.40642857142857
14,17.686472473472474
6,6.744285714285715
21,22.051666666666666
63,62.85866666666666
7,9.453083333333334
79,83.426
18,32.30011111111111
19,20.973000000000003
23,22.10594444444445
21,36.70131150793651
8,10.123375
82,88.24133333333334
83,91.80333333333336
24,22.325527777777783
18,36.510867063492064
8,10.546946428571427
8,9.766896616541354
71,88.76133333333335
28,22.458027777777783
20,47.38847312409813
26,27.509660809778456
19,45.61903661616161
6,9.526729949874687
87,118.39183333333337
31,30.11543858755623
23,42.51358423520924
10,10.154396616541355
86,121.73633333333336
27,30.520962397080044
10,8.729920426065163
22,41.11805844155845
85,113.20700000000001
28,28.610930651048307
6,7.915753759398497
78,109.82700000000001
23,42.473563492063505
6,10.61953947368421
23,74.473
88,111.13183333333335
35,26.56290476190476
21,153.23425
5,10.610622807017544
98,115.80425000000001
36,36.85476190476191
21,162.33125
96,101.45
32,38.48659523809524
8,10.380622807017543
21,123.55625
9,9.969833333333334
37,32.48514285714286
88,89.4442619047619
8,8.381499999999999
89,87.06592857142856
18,98.22
28,31.619309523809523
28,27.909000000000002
79,79.12666666666667
9,7.8725
18,83.05
8,7.4975
73,68.9
18,47.06833333333333
28,29.69783333333334
14,25.0675
6,5.212809523809524
26,27.80783333333334
62,61.774499999999996
52,56.2649537037037
10,21.52080324120324
4,5.8140757575757585
22,25.09
20,19.975
2,5.768058277238104
46,50.81278571428572
8,15.227672965922963
41,43.74646004558885
3,5.621303035015824
20,16.290499999999998
8,13.549978726754341
39,41.87778517577267
8,12.473865571391187
4,4.329988806415091
16,15.074607142857142
5,14.219210809486421
40,43.39691612815363
11,15.354940476190476
4,4.574227050929198
8,20.09345238095238
14,18.171666666666667
46,49.50284394436981
5,4.2476388975792805
52,53.08598861283644
11,21.17092135642136
18,17.599999999999998
6,5.037986963769843
58,61.49533333333333
20,19.006666666666664
7,8.47
13,31.379154262404263
5,9.195
68,69.19314285714286
20,46.50761111111111
23,22.80261904761905
9,10.015
17,48.10847817460317
80,73.149
26,24.03978174603175
22,44.737323412698416
6,10.498571428571429
24,24.481448412698413
99,73.90608333333331
19,41.94592234154736
4,9.699904761904762
25,23.30319841269841
83,73.45774999999999
23,41.14935488122989
9,9.222904761904761
24,24.20536507936508
87,74.31774999999999
23,42.356319166944175
32,24.926420634920635
88,75.64608333333332
6,9.888904761904762
84,72.15524999999998
26,24.821039682539684
6,9.85740476190476
21,41.71617035742036
24,23.123956349206352
8,8.942642857142857
20,37.582751526251535
76,70.63525
18,45.190849206349206
89,69.09758333333333
6,11.15607142857143
27,22.403067460317462
22,39.575630952380955
87,74.44425
4,10.502738095238096
27,27.58195238095238
7,9.711666666666668
16,41.2322261904762
87,78.25425
28,29.59595238095238
20,43.2322261904762
80,77.44425
4,9.481666666666667
28,29.837
74,74.41608333333333
5,8.5
25,28.4045
19,44.71658333333334
28,24.14
4,7.86
71,71.04875
17,40.948166666666665
9,6.8375
61,65.02333333333334
24,27.914499999999997
14,58.76333333333333
56,57.30542857142857
4,6.515
21,25.6745
10,28.261999999999997
9,21.35842228882229
50,49.63162037037037
18,24.3
3,4.801136363636363
16,19.165
44,45.820249999999994
9,14.590006299256297
2,5.8467388720056555
5,12.082766077766077
5,5.620528016768938
11,15.340333333333334
41,36.54619270671858
11,13.155160173160173
5,12.07422236684737
3,3.775831013937607
37,34.14877849291305
13,13.719493506493507
6,12.952067604942606
36,34.3651356357702
2,3.365559836501115
12,14.683445887445886
44,38.343842501368364
7,17.716309523809525
4,4.650951314630828
5,5.011247037029915
9,21.683897546897548
45,45.092655279503106
12,14.008142857142857
11,26.578146936396937
3,6.158888888888889
54,50.76166666666666
13,15.006666666666666
8,9.088166666666666
13,37.95402380952381
12,14.52317857142857
64,49.110963369963365
64,50.16765384615385
7,9.46
17,37.80313492063492
17,13.39430844155844
15,12.60484415584415
7,9.812666666666667
60,50.107653846153845
19,37.88718975468975
6,9.637666666666668
17,12.937439393939394
51,47.840153846153854
20,38.28699286824286
14,14.549031385281385
5,9.524000000000001
11,36.29873096348096
50,47.81532051282052
48,51.280987179487184
5,9.649666666666668
12,35.4570642968143
15,14.342729797979798
13,34.755774614274614
51,50.420987179487184
6,7.974666666666667
16,15.14770815295815
6,7.420095238095238
10,36.10940556665557
54,48.33665384615384
15,16.135629148629146
22,38.77761435786436
5,10.10528151260504
17,14.885533910533908
63,55.23872222222222
15,19.830145021645023
70,46.904312770562754
11,10.003281512605042
60,59.631638888888894
5,9.273047385620915
61,62.74338888888889
16,21.386047619047623
41,48.46513095238094
10,8.968714052287583
20,19.308214285714286
37,47.0735476190476
64,63.43088888888889
15,21.15
31,39.70166666666667
56,63.33013888888889
8,7.6387140522875825
6,7.414352941176471
16,21.766666666666666
56,59.31805555555556
29,37.478
19,29.16
5,6.0175
16,23.194499999999998
51,59.26833333333334
45,51.81642857142857
15,22.2
4,5.38
18,20.5245
14,14.14556634705164
4,5.994322510822511
14,22.88
37,41.83714814814815
8,12.83076243201243
3,4.815153252671428
11,18.675
35,39.8465
30,35.66119270671857
7,8.342079028704028
4,4.780224181440179
9,14.867
29,33.3904812346158
7,7.761032972907973
4,3.395033255864925
10,13.834294788544788
4,3.6571078058004773
11,14.543437645687645
10,7.668815024190024
28,33.44926694890151
9,14.722056693306692
32,37.971953612479474
5,5.014550862743533
11,10.44039713064713
38,43.33336956521739
4,5.2583898941727725
10,13.976086996336994
16,14.707373737373736
6,6.636222222222221
15,17.3738136030636
43,45.41166666666667
11,16.256666666666664
51,49.2020467032967
6,8.941666666666668
20,22.50575
14,15.956011904761906
49,49.37123717948718
13,13.822951298701296
5,9.5135
17,26.08775
15,12.707487012987013
48,49.70123717948718
4,9.831166666666666
17,28.092583333333334
15,13.028415584415583
16,26.04084884559885
45,49.13457051282052
5,9.160166666666667
15,25.845658369408376
47,48.701987179487176
6,8.980666666666666
16,15.308055194805197
47,50.560987179487185
7,9.210500000000001
17,26.55394408369409
13,14.485086940836943
15,15.010291486291486
5,7.752166666666667
18,25.787586940836945
48,50.490987179487185
48,46.69665384615385
5,7.522595238095238
17,16.22971248196248
22,22.06747222222223
19,14.99778391053391
57,54.09538888888889
13,21.069349206349205
4,10.104448179271708
14,24.97419902319902
20,18.379061688311687
8,9.78444817927171
64,59.44163888888889
16,26.15269902319902
4,9.231714052287582
63,62.838388888888886
18,19.612880952380955
62,64.27588888888889
15,24.94733791208791
6,8.934214052287581
19,19.510214285714287
20,24.758722832722828
64,63.02013888888889
6,7.737547385620915
20,19.733333333333334
23,19.0525
4,7.703186274509803
61,59.67805555555556
18,23.130753968253966
3,7.2675
14,22.24
51,60.82833333333334
20,20.4645
9,16.125
18,21.0445
3,3.9628571428571426
44,50.875
40,41.27714814814815
9,9.813328961887784
4,5.660019480519481
20,22.56
36,38.47316666666667
2,4.63534742124795
17,19.495
7,9.897143467901207
15,15.348666666666668
1,4.875175426273777
8,7.810494679977418
36,38.24458159560746
33,37.51898917112373
11,14.125687645687645
7,7.745285585207953
7,4.199042942256965
12,15.047330502830507
7,8.77334938252175
6,3.954366145499993
39,38.98327488540944
43,44.41420361247947
13,10.600587606837607
16,15.818663836163838
2,4.882739938373786
6,4.905075630252101
49,49.14003623188406
14,11.896507936507938
12,16.131860805860807
9,6.376698412698413
62,55.37166666666666
16,17.896666666666665
16,16.780980269730268
79,79.25633333333333
20,22.721999999999998
24,27.29709523809524
14,9.985
105,77.32633333333334
25,29.01732913165266
20,24.529591036414562
17,10.235833333333332
99,78.86866666666667
26,24.51525770308123
23,30.678162464985988
10,10.705166666666667
10,9.960833333333333
26,27.699437897886433
88,78.48866666666667
27,22.3841862745098
30,27.517019607843135
26,27.663021231219762
94,79.96561904761906
8,9.892166666666666
30,27.7848545645531
13,10.312333333333333
89,79.62561904761905
30,30.526186274509804
82,77.86242857142857
30,29.33818627450981
9,8.783833333333332
25,26.633890278838816
30,29.735686274509806
7,8.257166666666667
86,75.70509523809524
26,25.788914449112987
31,28.966162464985995
11,10.416666666666664
22,24.94100571895426
89,77.09842857142857
108,80.81409523809523
25,25.02713926596279
37,31.901019607843136
8,10.665
29,31.6135
95,84.55799999999999
21,25.397905372405365
5,10.715
9,10.327
22,24.310996642246636
32,33.32366666666667
86,85.24400000000001
34,31.288666666666668
24,23.161548229548224
83,82.95400000000001
9,8.652000000000001
10,8.097000000000001
18,22.56307936507936
84,76.92
29,29.121666666666666
74,65.95833333333334
8,7.2175
21,18.67
30,27.014499999999998
25,25.1345
12,15.357500000000002
5,5.01
66,56.37
57,48.98481481481482
13,11.257031342840166
4,5.936686147186147
26,24.13
19,21.465
10,11.193464896472637
3,5.15232361172414
46,45.905
37,39.915901792651795
7,8.053709326442064
15,16.267
7,4.967179394527745
39,39.217261749120446
2,4.790285005749028
5,7.325363326910698
19,15.94466666666667
16,17.12066666666667
5,3.7202986851825335
51,40.276380796739495
10,8.659038235335602
11,10.202432844932845
17,18.289333333333335
5,4.86093438281823
53,45.767857142857146
4,5.573428571428572
22,19.01666666666667
58,48.75003623188406
14,11.954365079365079
21,21.666666666666664
7,6.381507936507936
14,15.168480269730269
66,52.83
71,96.01333333333332
21,25.2495
15,23.590833333333336
6,10.136057692307693
84,93.06333333333332
9,10.356057692307694
23,26.173833333333338
26,23.502309523809526
30,25.758499999999998
93,87.61499999999998
28,23.93730952380952
11,10.806891025641026
82,82.48220634920635
28,22.383499999999998
27,25.207684523809522
5,10.027557692307692
10,9.84222435897436
85,83.611123015873
31,25.6015
26,25.43310119047619
22,24.79702976190476
8,10.177391025641025
86,84.610123015873
33,28.234547619047618
24,24.465696428571427
9,8.674391025641025
86,82.86178968253968
27,28.597047619047615
84,80.34545634920634
29,29.90421428571429
23,26.442958333333337
5,8.019391025641026
82,81.792623015873
28,25.862541666666672
29,28.359380952380953
9,9.982141025641026
36,30.740547619047625
21,24.777932539682542
7,9.96347435897436
92,86.16186111111111
88,86.1068611111111
24,23.592480158730158
34,30.651130952380953
7,10.039833333333334
7,9.319833333333335
78,86.24952777777779
22,21.091738095238096
32,29.582416666666667
79,83.52052777777779
23,20.180404761904764
8,8.082333333333333
30,29.218416666666666
9,8.039
79,80.25819444444444
27,28.803416666666667
24,22.63590476190476
74,64.78
7,6.8975
22,18.83
31,27.014499999999998
4,4.74
13,15.387500000000003
61,53.85
25,25.1345
3,5.331924242424243
53,47.38981481481482
10,10.807630718954247
28,24.13
44,43.83333333333334
11,10.972058596632127
5,4.762705392102877
21,21.465
8,8.613820498619027
4,4.458959044580669
19,16.267
36,37.793520840270844
13,15.94466666666667
39,37.50212096237097
10,7.494082243195402
5,4.270784935522231
17,17.12066666666667
2,3.810055022377004
9,8.57900715162031
40,38.47612096237097
19,18.289333333333335
11,10.147432844932844
2,4.58677496909695
43,43.61696428571428
13,11.592460317460318
18,19.01666666666667
53,48.08003623188406
6,5.253428571428572
55,53.27
16,15.581396936396935
20,21.666666666666664
3,6.45234126984127
6,9.815
66,77.05
14,23.590833333333336
20,25.2495
25,26.173833333333338
8,10.175
78,74.0
22,23.502309523809526
12,10.545833333333333
23,25.758499999999998
24,23.93730952380952
79,72.03
29,22.383499999999998
9,9.6265
72,66.87633333333333
21,25.207684523809522
6,9.511166666666666
19,25.43310119047619
77,67.33391666666667
26,25.6015
21,24.79702976190476
27,28.234547619047618
74,68.54891666666667
8,9.8855
21,24.465696428571427
74,67.40891666666667
10,8.565
26,28.597047619047615
20,26.442958333333337
76,65.98391666666667
32,29.90421428571429
5,7.76
23,25.862541666666672
36,28.359380952380953
5,9.794500000000001
81,70.31375
34,30.740547619047625
10,9.995833333333334
18,24.777932539682542
83,76.00541666666668
35,30.651130952380953
5,9.925833333333333
19,23.592480158730158
86,76.89041666666667
31,29.582416666666667
92,76.69708333333332
6,9.245833333333334
23,21.091738095238096
84,73.28708333333333
25,20.180404761904764
6,7.9383333333333335
30,29.218416666666666
7,7.775
19,22.63590476190476
85,72.03375
28,28.803416666666667
15,18.58
6,7.0775
73,63.77
28,27.014499999999998
7,4.91
68,54.98
13,15.613333333333335
26,25.1345
54,48.299814814814816
25,24.13
9,12.745
6,4.917333333333333
10,13.156407425907423
3,5.7644761904761905
48,47.09
21,21.465
9,9.716621320346318
41,44.20922222222222
14,16.267
1,5.7371773399014785
16,15.94466666666667
6,9.591855053718211
40,43.59936507936508
3,5.872982895457033
41,45.04553174603175
7,9.845093148956305
17,17.12066666666667
3,4.83034126984127
48,48.13690476190476
11,11.60095238095238
4,5.010809523809523
20,18.289333333333335
18,19.01666666666667
18,12.050674603174604
5,5.436285714285714
57,53.44916666666667
19,21.666666666666664
20,15.501775724275724
7,6.616031746031747
61,63.47
25,25.2495
5,10.135
23,23.590833333333336
78,90.33
28,23.502309523809526
87,90.63
25,26.173833333333338
5,10.365
90,89.01
24,23.93730952380952
5,10.8725
27,25.758499999999998
80,82.46799999999999
8,9.773166666666667
26,25.207684523809522
24,22.383499999999998
28,25.6015
91,86.20133333333331
30,25.43310119047619
13,9.567833333333333
90,89.09633333333332
7,10.088833333333334
31,28.234547619047618
28,24.79702976190476
31,24.465696428571427
82,86.29633333333331
26,28.597047619047615
7,8.793833333333332
31,29.90421428571429
9,8.1655
62,26.442958333333337
88,83.64299999999999
34,28.359380952380953
68,25.862541666666672
11,10.355833333333333
93,87.6675
90,92.5675
48,24.777932539682542
31,30.740547619047625
12,10.259166666666665
82,100.3475
9,10.015833333333333
49,23.592480158730158
33,30.651130952380953
79,93.6175
11,9.195833333333333
28,29.582416666666667
46,20.836738095238097
81,89.3675
39,20.180404761904764
30,29.218416666666666
8,8.203333333333333
6,8.05
25,28.803416666666667
81,81.3875
30,22.63590476190476
5,6.8575
32,27.014499999999998
70,66.73
25,18.49
17,15.64
2,4.66
24,25.1345
58,60.0
13,11.2825
6,4.885666666666666
52,53.15
25,24.13
44,51.72
5,5.096976190476189
9,11.723074092574093
17,21.465
2,5.484677339901478
12,16.267
5,8.609573701298698
38,43.824222222222225
5,5.671316228790367
5,8.076474101337258
34,41.62436507936508
13,15.94466666666667
13,9.257045529908686
38,43.750531746031754
2,5.10034126984127
13,17.12066666666667
5,5.1508095238095235
44,47.55190476190476
17,18.289333333333335
16,10.281952380952383
3,5.531285714285714
48,52.68916666666667
18,19.01666666666667
18,11.745674603174603
19,21.666666666666664
30,15.114124209124208
2,6.867142857142857
57,61.67
38,23.590833333333336
75,93.25
21,25.2495
8,9.975
45,23.502309523809526
25,26.173833333333338
76,94.82
6,10.375
81,91.72
22,25.758499999999998
43,23.93730952380952
5,10.8425
70,84.148
32,25.207684523809522
10,9.883166666666668
23,22.383499999999998
32,25.43310119047619
79,88.44133333333332
11,9.811166666666667
27,25.6015
32,28.234547619047618
32,24.79702976190476
8,10.330499999999999
77,87.01966666666665
29,28.597047619047615
71,84.50966666666665
24,24.465696428571427
7,8.978833333333334
9,8.303833333333333
31,29.90421428571429
69,80.63633333333333
37,26.442958333333337
6,10.2775
77,84.23083333333332
28,28.359380952380953
33,25.862541666666672
8,10.059166666666666
29,24.777932539682542
80,88.2275
26,30.740547619047625
8,9.839166666666666
31,30.651130952380953
29,23.592480158730158
78,90.6375
28,29.582416666666667
66,88.5975
28,20.836738095238097
9,9.235833333333334
69,85.7275
30,20.180404761904764
6,8.063333333333334
27,29.218416666666666
68,79.1275
27,28.803416666666667
6,7.71
30,22.63590476190476
23,20.606829365079367
63,71.535
25,28.28592857142857
6,6.54
28,26.970928571428573
53,54.85
15,12.876123015873015
5,4.695416666666667
16,9.734124941763602
41,54.37
4,5.038064509564509
18,23.59
11,8.241814762344033
39,49.2785
4,4.877861874236873
18,21.59
31,42.20765151515152
10,7.178334266324246
1,4.232135992789311
15,17.274710678210678
14,16.723128187728875
2,3.8411587827809317
5,7.615913500348655
28,39.08361976911977
9,17.033206470557154
6,8.02235195272094
3,4.07293656055871
34,41.81798484848485
11,8.244691938331828
32,43.3575
4,2.830851382451792
10,16.89401323384218
36,48.025
14,11.425758340424448
4,5.9
13,17.593116408445358
17,15.949522144522144
44,57.43
19,23.08049891774892
6,6.82
22,21.01447463460571
54,73.21701803844067
25,19.230771248903597
7,5.67
22,24.794940172837947
5,9.073611111111111
53,81.88697849477612
18,23.82990245813719
17,23.429506495404272
20,24.96960317650095
53,83.48397849477612
4,8.935785714285714
49,78.97547865141773
16,23.18118254158032
23,23.31810614575392
9,7.891936507936507
19,26.744239346466347
28,26.986524256001257
6,8.780873015873016
49,80.62422535761007
7,9.443492063492064
30,27.409407733634733
49,81.18060630999103
19,26.669567268544274
6,9.554841269841269
50,80.18547932586407
24,24.791685289412285
20,26.313729384206386
12,26.715889371012715
45,76.86605818267118
21,24.458595276218617
5,8.950674603174603
15,23.7856746837392
23,22.2695283855929
46,79.08900232186532
6,6.872619047619047
6,9.753380952380953
68,87.04880354428182
16,26.79640417794765
45,25.849409923409915
67,31.570812118437114
9,12.67
21,29.611607412621478
74,92.06324798872625
49,30.660145451770454
68,88.54908132205958
7,12.050000000000002
27,29.41719832171239
42,26.24779566185448
22,28.837970718050425
63,82.59299798872624
9,12.390833333333335
64,79.53575226223053
8,9.565
35,22.61933678739561
23,26.390511843591558
24,18.81138492063492
5,6.7
19,24.83927221462747
54,71.055
19,13.88337904731785
17,24.57996160856687
48,55.43
6,6.611520562770563
16,23.31
37,52.531000000000006
3,4.973850223850223
17,10.153988037001698
3,4.637027625152625
13,8.638145451221671
34,47.481833333333334
18,21.03
31,42.605008658008664
10,7.612616866349173
13,17.201702075702077
5,4.878987509328328
27,40.28314357864358
9,7.725660935931554
13,15.634564029664716
2,4.531658345717995
29,43.60434199134199
13,7.949975325374897
17,15.728808979159664
3,4.68650072719273
14,16.070210980539926
12,8.85958182380867
4,3.6057564581767214
33,49.7525
13,11.615366183561703
11,16.87739779372674
34,51.942692307692305
2,4.449090909090909
16,19.39242748917749
45,58.43
6,6.7
16,18.307855477855473
26,22.145468218600566
15,22.947819872700947
52,72.2737181648327
5,7.39
4,9.1415
54,82.0991272836168
15,23.6299623953703
30,24.885447079768024
6,9.542119047619048
16,23.357038654859597
24,25.60908230565326
56,82.4131272836168
13,23.375291679612623
6,8.874436507936506
50,76.83650839263936
26,24.426127526156023
51,76.80176700359362
17,26.386073537223705
5,8.113039682539682
27,26.177883243240966
17,26.00538280471061
50,77.70133843216504
5,8.97215873015873
24,26.563485620395976
51,76.92408085640747
6,11.17934126984127
12,24.728458340286146
26,22.3673983465587
57,75.90532637988126
15,24.93703499375915
7,10.002952380952381
49,22.3367250000317
71,78.29483004288494
20,23.384527793443112
9,9.190714285714286
96,21.31076170025957
7,9.52885119047619
21,26.252871177451414
67,24.153979104229098
70,85.71743999116825
22,27.47341610284193
61,25.108975996226
68,86.40813046735875
8,8.029458333333332
5,10.101458333333333
53,25.000352807820203
67,82.75421380069209
22,26.845507011932842
23,26.67278021302168
72,80.02599157846986
6,9.230291666666666
56,21.317917436818654
10,9.190083333333332
69,77.11707918530746
23,26.240014520380996
56,21.950956855733075
62,68.445
23,23.70260554796081
63,16.642536435786436
7,7.67
24,14.874545713984519
21,24.178294941900198
5,6.101520562770563
53,55.40333333333333
6,5.221219271469271
16,21.76
16,10.832403527226012
39,51.711000000000006
3,3.9551373848459757
19,19.583833333333335
15,9.228747844541184
33,48.4941862745098
33,41.956147546897554
15,15.363841648772686
7,7.1576721173525755
1,4.1384132796112825
34,36.70092964138409
4,3.390916228333061
15,14.872700716732439
7,7.078137272408356
1,4.154658175029094
16,15.234140110671833
13,7.5473090694150935
39,39.49882069477515
6,3.7614695751891105
16,8.243849279747806
19,15.008542112052094
49,46.12991666666667
20,16.838375066454013
50,49.13388278388278
17,11.658195892500107
2,5.729740259740259
21,15.023957212378258
20,18.499238095238095
62,56.33
4,5.313863636363636
20,21.02392452567324
36,20.299654040404036
6,8.07
77,80.90487551472917
10,10.60759523809524
30,22.026857070412028
85,83.77119342367536
34,22.138897671115675
93,83.70369342367536
10,9.552714285714284
45,22.941989679983998
29,22.097954725172727
5,9.842865079365078
79,76.50155108392447
37,22.93224774319961
26,22.312082930300924
34,22.7859908807734
9,10.7119126984127
38,23.317412187178576
90,78.2868633682585
33,22.88227064267817
90,78.65353003492515
33,23.3347152174816
6,11.380055555555558
31,22.051322610088995
88,77.06315701905216
8,9.951442612942612
27,23.66700549116301
85,73.57622072434411
29,21.51865272306545
27,23.218252270806133
9,8.814942612942614
30,22.792561746418237
88,75.0164149029725
36,21.067245110210468
8,7.76773482073482
9,8.404611652236651
105,79.91205541047117
35,21.016671744921744
33,24.50077774310799
38,25.217886438062273
10,7.2969330808080795
95,80.31627763269339
29,22.421237900987897
90,80.74405541047116
30,24.625886438062274
8,9.080599747474746
28,22.613614712582102
6,8.232599747474747
87,74.62944745592571
26,20.385211296467777
28,25.30471478099631
9,7.181558080808081
26,20.688679286810768
83,69.3144575569358
28,25.561629463535994
23,15.712607864357867
73,63.03
8,9.1175
27,21.362617452722716
17,12.79400375594256
4,6.081520562770563
28,21.26664017999545
62,54.23333333333333
6,4.181866096866095
26,19.3785
15,10.584600718923205
53,48.01947222222222
9,8.985191067984408
2,5.2044570096656
41,41.093343137254905
19,18.91316666666667
6,6.791786361213687
40,34.874333121127236
1,3.1150706138116093
17,13.034670597601632
40,32.82662182937039
16,12.48413284016456
7,6.572887789013152
7,2.6094907939506227
10,7.069316620651922
3,2.5774642281134357
44,32.6891557399043
17,12.501466173497896
14,7.546702004186335
2,4.058317916540741
22,11.123058651068632
48,33.25475
55,38.969049450549456
4,7.101406926406924
14,11.524618933697882
13,11.878987559166774
7,6.0005303030303025
59,43.845
16,12.36238961038961
15,13.69218282010387
72,47.088718181099765
16,15.710067206486153
24,13.13312742606572
8,6.66
26,13.091370205474137
83,48.39985706998865
9,8.062166666666666
24,15.858579951910663
28,12.602600197668641
27,15.7211728047063
8,8.602166666666667
95,48.25578014691172
24,12.405465277033722
9,12.858833333333331
95,46.23642294486026
21,16.338809073050115
98,45.822842030676405
35,12.492825666644112
8,13.261666666666667
27,16.286309073050116
7,10.454809523809525
33,15.563488693429736
95,45.22413323946761
27,12.488407917726363
28,12.798957446628833
24,15.188607741048786
89,44.756151637736004
10,8.26447435897436
90,44.23593393438672
24,15.133669365698644
8,9.087807692307692
32,13.173499113295499
7,9.03340293040293
93,50.17547222222223
32,13.928283364175336
23,20.11057306384588
9,8.597303571428572
100,56.140872549019605
31,17.01427446860471
51,39.60304781329782
97,57.55982889822595
11,7.841065476190477
36,20.532857709437952
37,55.624931002331
7,11.539375
31,20.69956283764309
32,53.74647448059186
87,61.380864612511665
7,10.107541666666666
87,59.189197945844995
30,20.187118050928998
28,26.60890605514047
27,19.55099701918296
9,9.616464285714285
85,53.22528571428572
26,23.71399263522705
81,52.02
26,18.28186348446875
7,10.4275
20,18.09488816738817
66,45.0975
23,18.250052878408145
6,9.144853896103896
15,14.568387891414934
13,11.21385410720159
6,5.464682058682058
57,37.71680555555556
24,16.816499999999998
47,34.927843137254904
2,5.984431392137276
9,9.598098859905134
21,18.356166666666667
4,3.68961609578208
41,30.833904549698662
20,12.344027740458776
8,6.7628075992349235
45,30.454383734132293
7,6.5048345922099555
7,3.139285852972393
13,12.63065664968837
8,7.026661317621618
16,12.739323316355037
3,3.100987603302183
48,30.5684176446662
12,8.345921399223666
17,12.273415793925778
2,4.223219521383006
53,31.77975
66,36.12304945054945
17,11.156141980038301
7,6.065603535353535
20,14.025476076555027
6,5.167472943722944
21,13.981913419913418
19,14.127913844634888
74,40.43
20,14.677877775398933
5,5.98
24,16.662047811674626
81,43.97563215163214
93,47.104382151632144
29,14.474920053554214
8,6.013
25,16.84871093303898
92,47.439930991681
27,14.265502986925192
7,5.398
23,16.80565672701109
29,13.89720428562649
25,17.340404106466014
85,45.97187934518509
3,4.953
29,13.923564675236879
91,46.24092938338218
33,17.23268982075173
8,5.8
91,44.311887258840045
10,4.793333333333334
34,16.501869441131355
29,13.86517073584294
23,13.957136931412073
30,16.28686944113135
81,45.138875354078145
4,5.835748168498169
84,45.7209208086236
9,5.950748168498169
32,14.908494976145123
28,16.433617573717722
28,19.56236108181346
90,51.09513888888889
8,7.722581501831501
31,14.653932529036961
5,9.130982142857142
29,22.481702666715172
34,16.6872697515345
95,60.27145588235294
93,59.83295588235294
33,19.134230394205666
27,23.472291396767375
7,8.223482142857144
87,64.1078487394958
7,7.841958333333333
31,25.22219084123918
30,19.367299425129673
36,20.432923566706577
87,63.85551540616247
31,19.705974888535835
9,7.4492916666666655
27,21.416965892645965
80,60.77250793650794
11,9.123714285714286
29,19.372052574738515
26,20.116371187549984
74,53.9
5,7.505833333333333
15,19.83333658008658
7,6.547383658008658
62,45.0575
13,12.281393019620062
27,19.618060581489377
52,42.22013888888889
12,10.697698968861669
6,5.760170620773562
24,18.371499999999997
17,17.783809523809524
45,40.95034313725491
3,5.480917143314204
9,9.377067928842386
16,17.68898805791909
10,6.810244133561435
1,3.7633984670056275
41,34.86400623126746
40,33.864182431228414
16,16.522065521518293
3,3.1826225587502757
6,6.5106044598698
10,7.04122239407267
48,35.52538300842898
14,15.55178245675697
6,3.4697296682547742
11,8.023442416303036
17,15.637215242712134
2,3.948156752280763
53,43.70717366689038
56,47.51474242424242
13,11.674228936560041
20,18.57685092216678
4,4.68429537129537
19,19.032751105316965
61,54.3275
8,5.246222943722944
18,13.890330511301558
23,20.781384384409993
20,19.048423827239418
76,71.28243894798987
10,6.595
94,78.70194914654543
27,20.26046074085588
6,8.968
23,23.673628291083514
21,20.55939279317364
92,79.9847622096085
10,7.760777777777778
29,24.73762566483228
8,8.18673015873016
95,79.1481316179779
22,20.160069504481978
27,24.701931424861726
22,20.1970707254832
34,25.125779338536695
9,8.698730158730159
93,80.92071882407245
98,80.92371882407245
26,20.1970707254832
35,25.325830475630124
13,11.283111111111111
25,19.83003446819485
28,25.192039827839476
88,79.06622933659517
5,8.572775946275947
34,25.176638042125187
35,19.31174714701603
7,8.467252136752137
86,79.23372933659518
10,9.181252136752137
35,25.149865646417442
26,17.6815321038245
100,81.71586498457292
98,85.60980442680747
6,9.91800992063492
29,25.936940320530635
19,20.493427736650215
24,18.978591474018106
37,27.048418540567667
8,8.858565476190476
98,86.01041235099177
30,27.918082179852917
6,9.936875
20,18.585080384579385
85,82.59061763985497
87,81.59255268580318
28,26.588739643036483
19,17.884332914983577
8,9.294208333333334
28,25.286894702301836
3,10.212047619047619
17,18.31288201029738
83,74.46441267687536
23,15.268240259740264
77,68.13166666666666
26,24.729412334311714
4,6.694166666666666
63,56.05357142857143
26,25.284084571388362
15,11.433976352953394
8,6.427383658008658
4,5.9109970276999695
50,53.319373737373745
11,10.548298614829736
23,20.1485
5,5.87006897859151
18,21.563142857142857
45,48.91317647058823
9,9.186310355472186
6,6.879157903672195
15,19.540453425884458
36,41.44888898171702
4,5.231566824422014
4,4.529159761525389
7,6.557397907163247
14,17.715835904436503
35,38.30995232946223
4,4.134905370224425
41,40.761430507330104
9,7.096515841366117
13,16.286301757424095
6,4.299057626099193
8,8.569584884945506
48,45.03819747641419
16,17.41225306189778
3,4.638491258741257
10,10.753775362356466
53,49.13717099567101
19,18.83679133875502
22,20.116774337640194
4,5.766942640692641
61,59.6275
14,11.892185735111116
26,21.0046723461063
22,18.30853144780978
9,7.295
71,71.32774579800261
22,19.55019267846882
22,23.68466625277982
4,10.300055555555554
86,78.83336880133528
22,19.84912473078658
5,11.422972222222223
84,79.70768186439835
29,24.776441404306365
6,11.24225793650794
21,19.536468108761586
75,78.45876952673602
28,24.770747164335813
7,10.172174603174604
82,80.51731789586236
23,25.16459507801078
25,19.543469329762807
26,25.36464621510421
5,9.854305555555555
78,80.37590817364014
24,19.543469329762807
28,25.23085556731356
73,79.52296358570776
20,19.176433072474463
8,8.60524603174603
25,25.215453781599273
73,79.34939991049409
5,9.37525
15,18.714145751295643
19,17.319951993332296
79,81.10314394814628
4,9.238916666666668
25,25.172848052558198
79,82.62381135277793
20,20.631706568033888
6,7.962736111111112
30,26.03729746338778
79,84.13852175331469
14,19.312642831157703
28,27.14037092152005
4,7.556438492063491
21,19.464846027433264
70,82.32608418503503
25,28.133701227471967
8,7.7150099206349205
22,26.88496959291117
8,7.81300992063492
18,17.751764099897738
66,81.87449145320547
65,71.9577332532394
24,25.515124652176528
4,7.449119047619047
18,18.415685489583833
63,68.25666666666666
14,13.780490259740263
7,9.242666666666667
26,25.289507572406954
24,25.273394095197887
51,59.56607142857143
4,7.206279761904762
12,10.290814015291057
47,53.261373737373745
18,23.281999999999996
3,5.932305330508272
12,9.694071268607352
16,23.07625396825397
1,5.3882074732238125
37,49.53295028011205
10,8.911202529474652
12,18.928540727471756
8,6.973328864805495
38,40.93703139003334
2,4.785662774038945
6,6.613040315136151
9,17.123530348880944
26,37.81016183734564
2,4.912255027767725
8,6.9215179213209055
13,16.047448582820923
32,39.46849715807066
2,5.029075101165599
33,45.12019314740986
9,8.422883586244208
4,4.693466653251402
11,17.07934433173905
14,18.358263560977246
35,48.39559523809525
2,4.559649988899988
8,10.590460360107256
43,59.4475
11,20.23321878208464
5,6.054442640692641
12,11.016852401777784
16,21.045915641125458
17,18.209408444376432
4,7.133333333333333
56,59.81326960752641
63,74.74870178047026
4,7.730138888888889
18,19.316545865511667
21,23.497931945690944
59,78.20855819723845
34,19.587700140051645
16,24.58970709721749
8,11.212305555555556
54,76.48172089565115
17,24.6256795239136
4,10.199237373737374
20,19.31671018469332
26,19.386453606022947
17,25.0455791617265
52,78.27924870200694
6,8.574356187929716
20,19.386453606022947
17,25.24563029881993
52,78.75108897978473
2,9.13540056022409
19,19.05476366908092
52,77.53402340173135
15,25.11183965102928
5,8.385031512605043
50,76.88928548409343
4,8.180612320685851
14,25.096437865314993
20,18.659083490759244
31,17.150723066129228
13,25.061332136273915
6,5.652886363636363
59,77.62492502740956
12,26.054440320530638
72,80.86641850363044
41,19.445617282319603
4,7.176189935064936
16,27.083763778662906
73,86.64616990709328
64,18.58472021211009
6,8.651438492063491
5,6.126414682539682
68,85.51045852928979
19,28.034951227471964
61,18.173931344893585
20,26.982126684008477
70,84.57665151174595
46,17.47509696637766
7,6.5342321428571415
15,25.502281743273834
68,75.4327251236878
25,18.24635168939709
5,8.173071428571427
7,9.372666666666667
19,24.473705985105376
61,67.90816666666666
20,12.8958354978355
47,59.09107142857143
15,23.814759174562973
14,10.878066566661255
5,5.602621867167921
16,23.459666666666667
41,52.37087373737373
8,9.642743374279457
5,4.306918606121547
40,49.46283123249301
2,4.491646145662485
16,19.48811111111111
7,9.07004729956942
12,19.192245310245305
37,40.77558881300252
7,6.955482710959342
4,4.4192980744110875
10,17.629254772924337
30,38.85853527763084
6,6.589360827956664
2,4.581742410540226
14,16.400530149721458
35,40.164364104849376
10,6.851428655688877
4,5.056895086835718
5,5.343286035597642
42,45.603435571652284
14,16.943290978004665
7,8.397551855474978
4,4.558734784221625
43,50.86269480519481
12,17.422009592723274
9,10.763333375980272
15,12.153393215539184
5,6.7394426406926415
16,18.513595766211623
50,63.94
19,17.86313860310659
53,75.07264824686095
18,20.922582307792126
5,8.718333333333334
9,10.004305555555556
16,23.511931945690943
17,19.370910944876744
52,82.73661069841204
18,24.58970709721749
20,19.642065219416725
5,12.25563888888889
56,83.76079064459198
54,79.13359221067297
18,19.3710752640584
6,10.721737373737374
12,24.6256795239136
56,81.01036515232823
6,8.713439521263052
18,25.0455791617265
17,19.440818685388027
53,81.94757943804252
8,11.541817226890757
20,25.24563029881993
20,19.440818685388027
52,81.12984439530749
3,9.557364845938373
19,25.11183965102928
12,19.109128748446
15,25.096437865314993
19,18.71344857012432
59,79.34534042705353
7,9.715612320685851
62,82.72421785774465
15,24.797224993416773
4,7.092064935064935
18,17.426956832362993
18,26.28345334127895
69,88.89082991584615
9,7.1225649350649345
38,24.966236007066197
64,23.118475878890692
77,90.20468008648425
6,7.548257936507936
19,27.590342788977217
3,6.951662698412698
54,20.679815972085763
18,29.027769415275458
71,88.54968238389445
30,18.985678258016495
17,28.804357534312864
68,87.90040460611667
5,9.287
6,7.78502380952381
22,17.62137450621274
63,80.44953558295478
25,26.147996603576924
17,15.83356990068755
5,5.973291666666666
19,24.257928207327595
62,71.3825
17,24.2065925078963
13,10.526195715290406
4,5.025046109592163
54,59.73107142857143
11,8.7802911663344
43,52.32887373737373
3,4.266521170224113
21,24.85466666666667
14,20.83511111111111
35,48.722331232493
8,9.110344790755642
4,3.860528874577877
32,41.46828203644574
6,3.685892241133313
14,19.080408008658
8,7.059160386406626
4,6.652621836737279
33,39.0371375364831
1,4.0521169297812945
15,17.736954989374553
42,41.09025496399024
8,6.936111597227811
15,16.224063699505006
1,3.7866777385216817
16,16.82715786112155
2,4.410238903788807
8,8.19420661737974
48,45.69176890498562
23,17.41495006891375
4,4.880734784221626
51,50.486028138528134
16,11.576602759374653
19,12.55934234973832
63,60.06333333333334
23,17.228452909068768
4,4.700109307359307
22,18.784035145061956
4,9.229833333333334
78,73.0319642857143
29,21.22379262525244
114,79.46976681210946
34,20.04940968553244
9,8.28025
31,23.589404167913166
30,20.664492531500986
109,80.2827112565539
9,10.43225
30,24.63744598610638
95,71.2708171898363
6,9.549181818181818
33,24.67341841280249
32,20.0560105126506
31,20.145845814322108
99,74.23988978554125
12,8.77159825142178
31,25.040164010211345
28,20.145845814322108
9,8.664749766573296
97,74.62928372493519
29,25.19478181397144
9,9.736964052287583
96,72.61923915839061
25,19.81958649938965
28,25.06099116618079
31,25.04558938046651
8,8.53968374925728
26,19.46102107516633
96,71.19906058696205
6,7.530160173160173
36,25.02023365142543
24,18.602081222539706
98,70.03218331423477
32,25.552368526049108
9,8.494660173160174
23,22.714194787129955
107,74.41531715506716
34,27.561304192234775
5,8.474575396825395
41,21.523072754192544
100,75.76620604395605
89,74.2899123931624
31,27.93429035348757
7,6.983146825396825
29,20.849013591133385
32,26.372433347388668
86,73.48282905982906
6,8.166666666666666
31,20.81242184776009
29,24.2006279722083
5,7.396690476190475
83,67.00703174603174
32,19.162403810242044
20,14.944314406182054
6,7.171458333333333
30,22.673718250617636
77,60.4425
11,10.245705519211974
61,52.305904761904756
28,21.41865744296124
6,5.911474681020734
25,22.394357142857142
58,46.32554834054835
12,8.49218861745532
5,3.2632122936091843
17,19.394242424242425
7,3.468356249518395
12,8.015743006743348
44,43.25236206277383
38,35.25455419998959
6,6.953236010759045
17,14.81451592851593
5,3.512429014546838
37,31.84273331003086
11,6.4661591813182975
2,4.304298188779759
15,12.59207158582159
5,3.840733049947309
43,32.13984608327412
6,6.729108804076277
12,10.648571585821587
49,35.27530574396364
5,3.7499614707277056
13,8.23370661737974
19,11.320348040848044
7,4.958091927078769
54,38.07643864468865
10,10.81379981136481
18,12.334963120213121
22,13.075284548784548
3,3.7697380952380946
59,46.02333333333334
17,12.267413559574235
25,13.031984296247622
82,45.56570707070707
8,6.062611111111111
20,13.678879573356136
5,8.530166666666666
28,14.27453510192343
29,13.995032987590116
94,46.867135642135636
30,14.049356158797327
90,48.15237373737374
9,5.3305
27,13.899731754912017
99,43.12059992784994
28,13.262454508792263
6,5.074591880341881
25,13.444471699423545
34,13.28658138655846
28,13.363157474432851
101,41.64525721500721
10,7.517374708624707
93,42.08125721500722
30,11.890496891723506
5,8.041374708624707
35,12.651990694360496
91,40.894733405483414
22,11.461375847537802
8,7.676291375291374
31,12.591202739757883
26,11.680025407655105
90,41.408566738816745
8,5.643
29,13.407366313639198
34,13.85321299310352
99,47.802472222222235
8,4.008333333333333
24,12.378665271059672
100,55.034878787878796
17,14.385004357298476
39,15.058295761714493
9,5.406166666666667
34,16.51850304462766
8,8.071166666666667
26,17.32744973544974
93,54.41163636363637
23,16.075239778739782
88,54.28413636363637
6,6.635666666666666
29,15.700014787786461
8,7.448499999999999
29,16.48665935672515
90,53.85663636363637
23,14.583653929403932
30,15.793996658312452
18,14.561621822621824
5,5.359500000000001
82,54.3519696969697
4,8.436220238095238
66,46.3925
28,18.058387827858418
17,11.900801668919316
4,7.0293080143540685
14,8.774916161616162
21,17.40787572150072
66,41.353
5,4.237155701032234
50,37.017643578643586
12,8.186892996409696
23,18.213857142857144
4,4.796874700599709
7,8.002819722180883
21,16.15809956709957
42,35.35243371248635
7,6.663270071273357
4,4.944499143094107
18,12.490963980463981
42,33.43625491594031
16,11.927055352055357
8,5.863215407212238
40,29.21414325640632
2,4.983394400967101
40,30.011695423588975
16,11.426876780626785
2,4.747049183896459
5,6.044642380664482
7,4.472565949148642
19,11.862375457875464
8,8.02865228837541
49,30.46805782521572
19,12.728113553113555
5,4.977675260412102
13,9.015678626993623
53,36.234152930402935
12,14.84208297349365
21,12.359649267399268
62,44.63333333333334
4,4.228821428571428
21,13.064912262631085
21,12.919159842665424
76,50.01212121212123
3,7.002756132756133
25,13.981967021597606
89,50.203549783549796
27,14.01529824059763
6,8.330168831168832
29,13.1532242806468
92,49.841287878787895
9,6.904002164502165
29,13.593015351198778
82,46.79829184704185
4,6.10990356865357
21,12.882898207842311
26,13.02992430725432
31,13.18129360926294
91,44.84799747474748
4,6.076995920745919
30,13.064909740427373
26,12.408672123640995
92,43.859306998557
30,13.120042549654608
7,5.012912587412587
24,11.890224350628566
83,43.51544985569986
4,4.920329254079254
28,12.987503623801024
5,3.8024722222222223
22,12.141492958364916
84,44.657056998557
29,13.854500531015674
4,3.2841666666666667
22,12.5690795256504
32,14.165043914360913
92,50.966
36,16.273847654266383
9,6.520166666666666
24,12.850738484282601
86,55.23503030303031
87,55.00003030303031
35,16.134183508608118
21,12.431058770858773
6,7.074138888888887
83,55.072530303030305
6,5.457416666666667
32,18.49964177191344
32,12.608398814148813
6,6.354416666666666
31,19.385750626566413
83,55.07503030303031
26,13.497487262737263
17,13.618816267066265
75,54.11121212121213
7,6.461722222222222
28,18.144115705931494
27,18.843554494525087
14,11.90333341495106
73,51.65428571428571
4,7.559553571428571
5,5.92134805764411
13,7.734284126984125
63,44.604000000000006
23,18.181042388167388
23,16.136714285714287
53,39.19177128427128
9,7.7256413206366945
3,4.451743639936527
2,4.75138781598992
19,15.569169230769232
42,38.109884372937
8,7.320402842756745
13,15.758093743756245
6,6.7893376339407725
1,4.734093145380906
35,37.39797147192817
7,6.152943143039828
36,37.023418053097046
17,13.783168862759624
5,4.841427665085861
40,38.38388065706515
4,4.689582079057319
20,13.514192672283434
6,6.349370116492071
46,43.32243505471138
15,13.917793926906429
13,8.115695630086272
6,4.515015788954895
4,3.8441212311080735
50,46.28964542475069
8,9.472589160904157
23,17.12750692268258
3,5.827133838383837
10,12.005249640160317
58,52.4485
17,17.39648527766094
15,15.141009376726046
80,60.52118849206349
20,18.425600863670475
5,6.687145021645023
21,16.46500804763648
25,19.10052166426871
6,6.433224386724387
89,63.36241071428572
92,64.29157738095239
26,16.419119463997895
32,19.00730737855443
7,7.675605339105341
7,6.739173409923413
29,19.071307378554426
17,16.248952797331228
76,66.47732738095239
8,5.661126873126872
26,16.100713046885595
84,68.93941071428573
34,19.456924770965937
23,17.36759758369051
78,71.77955357142856
23,22.342925589461483
9,5.200162587412587
77,68.63422023809524
30,24.32144085797675
20,17.803153139246064
4,6.801912587412587
73,68.2095906084656
6,6.694055555555553
22,18.097633531402927
29,24.787230773943136
30,25.89766491916079
7,5.731916666666667
19,18.443256942305748
79,78.4009775132275
30,31.34471390100651
7,7.578869047619048
84,90.04231878306878
19,21.295839628837587
80,87.1965687830688
24,20.19260578928533
7,6.101091269841269
34,30.706748316590932
5,6.312964285714286
75,84.74073544973545
28,31.372032860340955
32,17.565706994315246
7,7.659583333333334
24,15.515781344773215
26,29.717560876808133
76,81.17140211640212
20,15.4714114695504
72,74.76635846560846
25,28.787009289506546
10,7.230888888888887
16,13.809221249338897
7,9.961428571428572
26,23.6901775103981
67,68.40495238095238
13,11.543362493062489
24,21.070332070707078
4,4.400514724310776
56,54.89526090576091
49,51.19186904761905
10,7.518275666682806
4,4.295337555280444
20,21.628833333333336
40,44.49879583647346
5,4.918753977606082
8,7.507801896317562
16,18.75003236763237
2,4.690319344182106
33,39.3688852155375
4,6.781899746847099
14,17.412401394438895
12,16.846121416755906
6,6.205682431711565
4,5.095970744837123
34,38.352582605284766
35,38.978411176618835
8,6.340249665743021
15,16.67022855961305
2,4.946486870678272
8,8.270336072976715
3,5.6679429428540935
12,16.93642440238211
42,43.55871752224384
5,5.70653789777474
9,9.595089160904157
17,17.985781931987006
43,48.12122875808402
16,17.82919751640259
8,6.019419552669551
14,12.121251345970846
50,57.659547619047615
9,7.9275714285714285
18,19.975240471185483
60,83.60387658819509
18,17.847730510009896
68,87.57512257257635
19,22.135189666255677
8,9.03764502164502
20,21.229422418484905
23,22.695962347505393
69,86.29929717575095
10,9.304676767676767
18,21.948237608729443
5,7.73919660894661
58,85.46920482365859
13,23.03400850237391
19,22.467443977934575
60,88.15343260887572
21,24.082256686549584
26,25.58395481264326
7,7.734218253968255
16,24.69358099721023
9,10.540686507936506
59,89.10630165649478
22,26.921681202436194
6,9.023436507936509
58,87.27366255875044
23,24.36455997865975
20,26.649034426759957
9,8.28615873015873
24,24.23037784247761
60,86.00825087783873
23,26.519425008400546
65,89.68168341752128
18,24.729828063723453
5,8.736353174603176
25,27.985423859550895
68,93.18079110150394
18,31.267328902448135
8,8.75859126984127
16,24.431063069612495
70,92.19449943483731
24,31.045079008774564
8,6.925146825396825
19,23.300533692264693
69,88.96886848245634
5,7.801603174603174
20,31.021177405338445
17,18.384706742116467
3,8.32572222222222
20,30.292902613502815
66,88.15345181578967
18,17.7324475258144
67,77.97615814608673
15,17.261363364877294
19,30.059421287639132
7,8.36911111111111
18,15.051195275312923
4,6.358
57,69.58095238095238
21,24.56242171717172
12,12.600385220335218
3,5.085514724310777
15,23.2007601010101
48,57.550260905760894
5,3.8370127985627085
19,21.485222222222227
10,7.884475300382441
40,50.79219047619047
4,3.5698483729952697
15,18.96214925074925
5,7.449535774830357
33,46.033450598378224
5,6.996175303795999
10,17.40959764263514
1,3.7923415406147463
28,40.44132948789741
8,16.82373829987279
1,4.820517334030338
5,6.570093587091556
26,39.49870544907324
1,5.0105210023127045
27,40.00422449659779
12,16.815226395110884
9,6.731436804642417
29,45.675540621659046
14,18.164608745816448
7,9.047543351696659
3,10.314420468950223
10,18.648164688119763
5,5.177746411483254
11,12.10602368188788
36,48.60701080936607
11,12.270140234859731
3,6.288126817626818
41,58.65633333333334
12,18.260425510630583
4,6.435858974358974
50,75.79504895616081
12,20.716254360074373
12,19.300436021002174
6,8.29537701187701
52,82.613502394805
13,22.401174771509904
11,21.734437826769437
16,22.86166967498184
15,22.21910150186245
49,82.06684209328601
10,9.01327832312615
48,79.63624974119365
15,23.214715829850363
5,8.788139434237262
14,22.70514120440092
3,7.656582647886356
13,25.556536883350326
22,24.0255515999695
46,82.75329593736971
13,26.949835964340956
19,24.643195355074585
45,83.01386736594114
7,10.992201695505402
12,26.61718918866472
44,82.72886625520978
5,8.140489546543254
21,24.314174336524108
15,24.16199220034197
47,82.41651409810761
6,5.301492063492062
13,26.469579770305305
21,24.63969242158781
15,27.741257192884227
53,83.5829552169303
2,4.107698412698412
44,24.774671280845705
59,86.69918722953382
21,31.50936858498782
6,5.134832112332113
19,31.37269561439117
65,23.08985344195945
6,5.376776556776557
57,85.758801407023
18,31.045460677621712
49,19.627470936255666
7,6.942440476190477
56,85.25021527256924
20,30.648878803979006
26,18.411458514825387
7,8.459845238095237
54,83.89167641287821
18,30.13861176382961
51,77.6958201701092
23,17.898223560237494
6,7.4161785714285715
51,71.16230769230769
4,7.114666666666666
21,15.147938781806433
17,27.412659812409814
43,58.08611804861805
16,24.698164862914865
2,5.547467105263158
13,13.708742363192357
15,22.307888888888893
34,50.571440476190475
2,4.267283604811841
9,7.837647636041495
6,8.243324322617775
2,3.9208112154923724
16,18.362357975357977
28,45.90073814416578
12,16.15194334138084
4,4.500770104508309
25,40.69028461859551
9,7.924112896246684
5,7.366459697131831
1,4.689577227145892
26,39.86876131237207
13,15.526548284332772
10,15.884250665285157
4,4.817277835742846
31,40.631522340138595
5,7.473218189793975
30,47.0273004323263
14,16.57929715740486
8,8.430062406157523
4,6.875825157665178
12,11.344925571664769
36,52.54802565417039
15,18.424241378096447
2,7.318594896331738
4,5.557925879675879
37,58.48966666666667
11,12.47072725671301
12,17.856755447360516
12,18.834757198190996
42,74.22708374009031
3,6.605822742474917
15,20.62124200967967
21,21.338262750212007
47,82.14907090889322
5,6.489568774220949
19,22.388717449420227
17,21.574763643642246
50,81.39535127455021
8,7.575327228327228
12,22.641664955844767
42,78.49397320817212
6,6.880724329776504
13,22.870025587902763
16,21.959915900293264
6,5.957649866657923
18,24.057885155303055
12,25.37463513232358
43,82.10008160692104
4,7.329205422213479
47,82.12043874977819
14,26.799231804611797
17,24.932468082347313
42,79.67241986515404
7,6.270159939917997
15,24.71803184013161
13,26.502221392571922
49,79.63136400434819
5,5.983460284769897
20,24.53418303728281
17,26.270481021831557
52,81.22330096393141
3,7.3286676691729316
23,24.998057861703256
15,27.489047333299364
22,25.42460506927949
58,85.70430349768048
8,6.814908511663774
18,31.635940904824846
16,31.645833590793856
62,85.06100100850298
54,23.608742858098864
3,6.007625763125763
19,31.336462290388035
61,21.50664814630052
59,84.92383154071585
6,5.884908730158729
9,6.248956349206349
43,20.332026417510935
61,83.07975696673911
19,30.454819089184
58,77.06565181994084
22,30.034552049034602
30,20.050001780383358
7,5.809956349206349
9,5.521333333333334
20,26.498038600288602
20,13.865141884259536
51,68.45397435897435
18,25.998543650793653
43,56.08898168498168
6,5.301911549707602
12,13.481936807636803
35,49.505495310245315
7,4.199183420682245
7,7.805425108568966
15,23.771722222222223
34,45.802947740125376
9,7.920906692684356
4,4.058365963398783
14,18.17069130869131
30,39.932634449758496
9,7.8092575886337325
5,4.488883095778293
9,15.721670170107668
13,15.14219177972627
8,7.551792229432526
6,4.617088958564617
32,38.688001153851545
4,4.427107372557731
39,39.33937329272918
10,7.670450456768599
17,14.863382255916747
12,8.470269655048984
20,15.588943920772213
45,44.652262211774925
5,4.127371833671603
49,46.51699527722468
17,17.778712900038556
6,3.8412286073919204
15,11.397961285950485
7,5.423842546342545
58,54.25802380952381
20,17.701475887051544
17,13.612505339741094
6,9.633989409141583
30,19.311677652736453
20,20.774809289621945
87,77.01962769613426
31,21.36052239334665
25,22.518873917951694
87,86.100783696106
7,9.707735440887614
26,22.510577251882065
89,83.83656406176299
9,10.254216117216117
30,21.41411244761605
8,9.677375123427296
27,21.898613189115554
21,22.797604550606728
76,80.03885266205158
84,83.12119824028767
33,24.388657778105088
25,25.40295259264104
6,8.48686415237221
84,82.53655538314483
8,9.19186415237221
25,25.191574038482685
25,26.69678736016735
80,80.15091745090163
6,6.326020690278746
28,25.022137796266975
24,26.44477694812748
82,79.76486159009578
25,26.203036577387106
10,5.340932146241758
27,24.828288993418173
82,81.10041027129073
28,25.254663817838622
26,26.747633779559195
9,6.935155764411027
29,28.757901639378083
41,26.15898890766333
82,84.01785153297853
9,6.528896606901868
48,24.597175226899644
28,28.158062723615487
87,83.68657682157883
11,7.9068479853479845
25,27.936474639992884
41,22.563094403990196
83,81.89508592522026
6,10.150083333333335
30,20.8618499645779
7,7.626892857142857
82,80.53262307285524
32,27.11525007244277
28,25.73199096880131
77,72.54954925583829
28,20.473230089355084
9,6.657726190476191
21,14.51825452162217
70,64.08730769230769
4,4.747166666666667
28,22.01291414141414
61,52.17981501831502
27,20.413252525252524
6,5.303800438596491
14,13.670467332667327
13,10.025295549239408
22,21.192388888888885
4,4.515182181985355
51,44.77664285714286
19,18.056739538239537
1,3.3515271268638056
42,39.8519942630469
7,8.64112284597551
16,13.892436868686868
6,4.000790137113357
35,35.42035891883761
9,7.3836288672480075
12,7.159281593664885
38,33.34266133788651
2,3.6983487104777764
12,11.287820562770563
9,7.205482861293999
6,3.690127922459041
19,10.933820562770562
45,33.2701516469926
21,10.701459451659451
10,7.968793464572791
3,3.625186181888559
49,38.54083162227796
54,39.18648211932995
4,3.240895274058586
24,12.023410617160616
16,11.236665996095414
18,13.846323907138613
22,15.279986013986015
5,4.703596819846819
59,44.9472380952381
24,29.68835649039082
24,16.332763981211553
74,56.10429166666667
7,6.693903162055336
6,6.522307202459377
84,59.87549079065589
25,15.849010104713551
32,30.99847034147971
13,7.931621212121212
30,16.128819256135603
94,62.91920940537449
25,30.73380185537644
28,15.798152589468936
25,27.831758204582798
80,56.32589988156497
10,7.619438948491124
24,25.91059885463764
7,7.235748684506743
33,15.676394033174576
86,53.66485821489832
25,25.78639746060684
85,54.021524881564986
35,15.634321378367133
7,6.987492551750608
23,25.6536838242432
6,6.798879858887915
84,55.54819154823164
35,15.680220296116051
34,16.335927345602514
87,57.376191548231624
9,6.18548575929537
30,26.244389744449123
88,57.267888517928604
8,6.394777559282822
32,15.89229162502081
29,26.223099456691298
8,5.904456130711392
30,18.675376984126984
32,35.36918246377806
95,61.22553155544666
10,8.972516483516483
36,41.433752491411234
92,65.59386488878
35,20.070000125313285
33,20.296062030075188
6,9.880835164835165
36,37.17157630093504
89,60.61319822211333
31,21.354134920634923
9,9.406835164835165
24,28.68190710678211
80,61.821531555446676
31,21.60344444444445
19,27.91710912698413
78,60.72175882817393
9,6.734976190476191
68,58.20964102564102
8,6.147166666666666
18,21.7483092120298
29,17.205887445887445
59,44.58233333333334
15,14.075998664081014
32,16.720720779220777
4,5.887722222222222
51,38.11209259259258
4,3.634505219664376
12,11.452950944637383
26,18.651912698412694
41,34.8831409774436
5,4.244080691902958
7,9.905689253084889
24,18.481497113997115
6,7.715750102116093
35,34.48075536226347
3,4.000611506810942
16,13.443090187590187
4,3.657140476928366
34,33.35554919157871
17,13.620247691197692
10,7.760470968707193
4,3.7082592382491804
18,13.479581024531024
43,33.832622834018146
9,7.783507317921387
49,37.719435407381745
3,3.420530405194977
10,7.659319203529176
16,13.214386580086579
7,4.35742816146104
19,11.710829365079364
55,40.45668907903691
14,11.85483266276208
19,20.210885103785103
22,14.489749999999999
61,48.01640476190476
5,5.549680153180153
21,19.117359652424874
8,4.5046060606060605
24,14.79757868448214
88,50.30770075757576
28,18.479847007343263
28,14.517078291818613
102,51.22724145665655
6,6.15403787878788
96,52.62247955189465
11,8.363482323232324
31,13.762050514040833
28,18.170525578771834
6,7.570316942719118
26,14.860252894993216
31,17.333993832740088
86,48.2441282087933
10,7.245150488258546
31,13.970478740403848
36,14.500806979738012
93,47.989866304031395
9,5.641561022169078
34,14.017826821007855
28,15.368774258611127
92,47.815032970698056
28,15.61505347939035
85,47.40503297069806
9,6.033964563072619
33,14.501660154341186
36,5.684237438889613
30,19.31044884056512
44,19.345059504990537
90,48.71651856843366
27,6.210369630369631
34,20.15217503104131
97,55.36308494650004
67,18.7972316661627
13,5.73086963036963
96,64.21672203163715
35,18.160007936507938
52,21.32027861027861
11,8.9690641025641
34,20.060154887218047
54,23.85030895537211
97,66.58005536497048
19,8.146025641025641
91,63.144745841160955
36,21.37850250626566
69,20.502151566355906
29,23.015158730158728
10,9.018692307692309
52,20.097393010584188
81,63.20807917449429
81,62.15461597103108
52,18.240292000483176
11,5.981666666666667
32,22.95030158730158
79,56.484641025641025
13,6.6258333333333335
77,15.342344926315514
30,20.013720779220776
63,48.80233333333334
27,21.034220779220778
8,6.426722222222224
31,10.443415330747685
7,4.346559422284368
17,9.921678669526875
54,41.51523148148148
25,20.378690476190474
15,9.603388488348065
18,19.632060606060605
44,36.95747431077694
3,4.269064310136576
19,13.938772727272726
12,7.637529197602148
38,37.12961014001627
3,3.804267514881467
18,13.375644155844155
41,37.50407875118629
15,7.7724645164077
7,3.6667608066249784
17,7.842643722764751
16,16.534974242424237
46,38.85597008207762
5,3.423167305570487
23,16.585779797979793
4,2.850703926118498
24,9.38566181073626
49,46.91645598583711
5,4.788793240826119
54,51.817326219674044
19,16.81930952380952
31,13.887302380952384
8,6.622103313353312
63,58.246404761904756
23,17.727809523809526
33,18.919606532356532
79,74.31073611111111
25,20.953833333333332
49,20.43095238095238
5,9.31
26,24.471333333333337
86,90.37334208021754
53,26.37337445887446
10,10.155
93,103.10220511533058
14,13.791666666666668
29,27.81255158730159
54,30.487715686274512
36,29.679617201426026
9,12.615219298245613
78,96.13217068897262
28,27.360243506493507
32,32.55239357864359
85,99.56302225407417
6,12.511885964912278
41,30.246426725235548
28,32.68875865800867
90,99.52509551414745
7,12.134385964912278
43,29.95040291571175
33,30.93190115440116
33,26.907367922926746
83,98.43661138716332
11,11.182719298245614
39,25.574894757203584
31,29.290787878787878
8,11.51738596491228
81,97.77944472049667
35,25.042719687175566
11,9.757290726817041
86,98.69294472049666
28,29.782411255411258
39,23.904744911950797
87,101.23175821256014
38,33.833246031746036
6,8.102290726817042
87,100.29391205871397
8,8.937052631578949
39,23.68861805313709
30,33.517405636468794
5,8.916
31,34.5157359394991
45,23.364746378406593
83,94.52359931590125
78,90.78313031268222
9,6.587999999999999
28,33.02761111111111
32,21.52990275084393
74,82.98991236103079
30,27.78261111111111
28,19.505855492546665
6,7.405
70,68.97433333333333
6,6.780833333333334
32,25.207833333333337
31,14.380678259648846
2,6.770198412698412
16,10.159081997414352
31,24.55616666666667
59,60.461999999999996
14,9.461023907622113
24,23.169523809523806
51,52.73834259259258
7,5.186599278497987
11,9.651730415824183
22,21.83
43,48.80588095238096
3,4.3355077230189085
8,7.663003090668147
34,43.042055911195554
3,4.537485261763132
19,16.178443098568096
13,17.437800241425244
4,3.7072784092064994
34,41.41617779948882
12,7.8185980733392455
18,17.613883574758574
2,3.915617084671141
12,7.872745533664549
38,43.04017779948883
12,9.362841492165943
3,3.16268617275162
14,19.66874847374847
48,51.36250736428322
8,3.9559718122546905
15,13.358715079365082
50,55.93060399745182
21,19.895490537240534
22,15.472804945054948
3,7.284507159507159
56,63.797
20,19.980166666666666
72,77.96861489898988
26,19.3955
10,10.47457142857143
25,21.713833333333334
25,25.66635317460317
35,25.018969696969695
80,88.7989143224357
10,11.531863095238096
50,24.88328637129124
28,26.285496867167918
98,89.82424765576906
13,9.46519642857143
27,25.54280783397888
32,22.25172649208264
81,83.85777781449917
11,8.013218045112781
30,30.54554653516419
35,25.313677704387644
87,87.9141022722052
6,8.331718045112781
31,31.113269367887032
86,89.39954341439633
35,26.07457239303233
8,8.519218045112781
6,8.683051378446114
78,87.60485476970771
41,25.64956157052152
26,31.43681446168212
32,23.999733934921828
80,88.15890238875531
25,30.097892855510505
6,8.109051378446116
32,22.978947771344586
6,11.578373889268626
85,90.79844121659414
27,29.71035164835165
39,25.91744626174308
7,11.175754841649578
84,94.899035081063
29,34.63117460317461
24,34.85988976345293
34,28.881178857725786
4,10.504421508316245
82,97.25507728885523
4,10.023632034632035
76,95.45217252695045
32,28.620517097264027
28,34.70305339981656
26,33.01776190476191
6,7.841571428571428
70,92.95726181266474
31,29.63326948051948
65,87.6281626140736
8,7.372857142857142
25,29.722166666666666
28,24.698935064935068
26,20.102242063492064
61,73.83283333333334
7,7.5675
25,29.222833333333334
25,25.901999999999997
17,12.093142436974787
7,4.7275317460317465
55,62.5845
3,5.37630837980838
18,25.93
15,10.133547641504714
46,55.29167592592592
5,4.274200212637497
16,20.31
12,9.754572839092337
40,50.47278571428572
14,15.518891150516149
36,42.010323920963565
9,7.831279973880291
4,4.430850878863674
10,8.294663863855908
26,41.058614307425344
13,15.478641150516156
3,3.3349634653313194
13,16.760629245754245
9,8.514299561491605
4,3.5660648508720136
30,43.07998335504439
12,10.781698708698707
32,50.61911450714037
14,20.435288156288156
5,3.8253727143648684
38,54.25003623188405
6,5.279138478921357
11,19.832823870573872
18,13.384905555555559
18,16.436614468864473
41,62.33866666666666
16,20.675
4,7.861982683982684
15,21.801560606060608
46,72.92240277777778
5,9.5195
22,20.53633333333333
54,88.16443765095904
22,28.809989538239538
14,24.049386002886
11,10.214791666666667
14,24.108005885926936
25,26.394923859619905
16,10.599791666666665
58,92.0276043176257
15,9.799075187969926
15,24.748291600212642
48,86.3203249525463
27,21.9979333081424
12,9.555575187969925
47,90.30443837129131
18,30.168595236462888
20,24.057555155368036
20,24.77323555829844
48,90.8970537559067
17,31.218103783471438
16,10.138241854636592
47,87.54347225407518
15,8.660753759398496
27,24.437058069120948
13,32.83223257135022
52,86.87538892074184
29,21.842783685824514
17,31.158348843966493
9,7.802587092731829
6,10.409896616541355
23,21.117263862116555
56,89.11968965334259
16,30.324192918192917
19,34.230876984126986
57,93.8783271686051
4,10.020944235588972
26,24.38505997156267
65,95.21206634609428
10,9.639694235588973
19,34.964185550998714
28,27.587621932624742
7,9.328904761904761
24,27.17340461660743
18,34.43848555099871
61,93.1391615841895
27,27.751530303030304
19,33.182547619047625
10,7.6935714285714285
63,91.01136991752286
24,24.03393506493507
20,30.507499999999997
56,85.60683324899425
8,7.372857142857142
25,20.535
5,8.9875
21,29.32283333333334
54,72.52283333333334
46,60.6945
16,12.258892436974788
3,4.767531746031746
19,26.622833333333336
7,4.09939039039039
17,25.98
12,10.495783560175415
36,53.2169537037037
16,20.53
38,51.66028571428572
9,9.52557029759327
5,4.5474838015766705
12,17.06930357142857
35,43.75328544241424
10,8.438728966789958
2,5.920926913552744
12,16.487125
33,41.69164231862981
7,9.007482775506627
2,4.374515282354611
9,9.676002311526164
11,18.76269642857143
1,5.554494727696876
33,43.78024946148695
34,50.76985260237846
13,20.144238095238094
3,5.360267685458068
10,12.689191798941799
15,20.40642857142857
4,5.100638478921358
12,15.159912698412697
39,54.499321946169765
17,19.296717643467648
45,62.85866666666666
15,22.051666666666666
3,6.744285714285715
18,32.30011111111111
53,83.426
15,20.973000000000003
7,9.453083333333334
22,36.70131150793651
52,88.24133333333334
16,22.10594444444445
6,10.123375
62,91.80333333333336
26,36.510867063492064
7,10.546946428571427
15,22.325527777777783
13,22.458027777777783
57,88.76133333333335
23,47.38847312409813
4,9.766896616541354
17,27.509660809778456
53,118.39183333333337
22,45.61903661616161
7,9.526729949874687
23,42.51358423520924
7,10.154396616541355
18,30.11543858755623
53,121.73633333333336
25,41.11805844155845
49,113.20700000000001
9,8.729920426065163
17,30.520962397080044
24,42.473563492063505
7,7.915753759398497
18,28.610930651048307
54,109.82700000000001
63,111.13183333333335
21,26.56290476190476
5,10.61953947368421
23,74.473
68,115.80425000000001
22,36.85476190476191
22,153.23425
9,10.610622807017544
64,101.45
8,10.380622807017543
28,162.33125
22,38.48659523809524
65,89.4442619047619
35,123.55625
20,32.48514285714286
5,9.969833333333334
65,87.06592857142856
6,8.381499999999999
27,31.619309523809523
31,98.22
59,79.12666666666667
23,27.909000000000002
10,7.8725
28,83.05
7,7.4975
32,47.06833333333333
59,68.9
23,29.69783333333334
3,5.212809523809524
19,27.80783333333334
50,61.774499999999996
11,25.333500000000004
23,25.09
42,56.2649537037037
8,21.440803241203238
4,5.8140757575757585
20,19.975
38,50.81278571428572
8,15.227672965922963
3,5.768058277238104
18,16.290499999999998
9,13.549978726754341
6,5.621303035015824
35,43.74646004558885
2,4.329988806415091
35,41.87778517577267
6,12.473865571391187
13,15.074607142857142
3,4.574227050929198
13,14.219210809486421
18,15.354940476190476
48,43.39691612815363
4,4.2476388975792805
15,20.115166666666667
18,18.171666666666667
55,49.50284394436981
15,21.27373015873016
21,17.599999999999998
57,53.08598861283644
4,5.037986963769843
22,31.875039072039066
21,19.006666666666664
4,8.47
61,61.49533333333333
10,9.195
77,69.19314285714286
24,22.80261904761905
26,46.50761111111111
23,24.03978174603175
8,10.015
27,48.10847817460317
97,73.149
32,24.481448412698413
30,44.737323412698416
11,10.498571428571429
97,73.90608333333331
19,41.94592234154736
8,9.699904761904762
89,73.45774999999999
31,23.30319841269841
33,24.20536507936508
24,41.14935488122989
8,9.222904761904761
93,74.31774999999999
12,9.888904761904762
23,42.356319166944175
37,24.926420634920635
87,75.64608333333332
24,41.71617035742036
10,9.85740476190476
87,72.15524999999998
32,24.821039682539684
32,23.123956349206352
86,70.63525
28,37.582751526251535
8,8.942642857142857
7,11.15607142857143
92,69.09758333333333
35,22.403067460317462
31,45.190849206349206
29,39.575630952380955
37,27.58195238095238
98,74.44425
10,10.502738095238096
96,78.25425
7,9.711666666666668
41,29.59595238095238
38,41.2322261904762
40,43.2322261904762
10,9.481666666666667
92,77.44425
32,29.837
88,74.41608333333333
29,28.4045
34,44.71658333333334
13,8.5
32,24.14
16,7.86
20,40.948166666666665
81,71.04875
32,27.914499999999997
24,58.76333333333333
77,65.02333333333334
9,6.8375
18,28.454
4,6.515
29,25.6745
63,57.30542857142857
12,21.35842228882229
52,49.63162037037037
5,4.801136363636363
25,24.3
22,19.165
10,14.590006299256297
48,45.820249999999994
7,5.8467388720056555
20,15.340333333333334
11,12.082766077766077
40,36.54619270671858
3,5.620528016768938
40,34.14877849291305
3,3.775831013937607
9,12.07422236684737
15,13.155160173160173
11,12.952067604942606
47,34.3651356357702
23,13.719493506493507
4,3.365559836501115
9,4.650951314630828
22,14.683445887445886
55,38.343842501368364
9,17.66802380952381
16,21.45793650793651
57,45.092655279503106
23,14.008142857142857
5,5.011247037029915
10,6.158888888888889
18,27.649436507936503
20,15.006666666666666
69,50.76166666666666
7,9.088166666666666
22,14.52317857142857
25,37.95402380952381
78,49.110963369963365
31,13.39430844155844
10,9.46
87,50.16765384615385
25,37.80313492063492
92,50.107653846153845
33,37.88718975468975
38,12.60484415584415
8,9.812666666666667
7,9.637666666666668
33,38.28699286824286
38,12.937439393939394
85,47.840153846153854
7,9.524000000000001
27,36.29873096348096
38,14.549031385281385
93,47.81532051282052
7,9.649666666666668
29,35.4570642968143
33,14.342729797979798
87,51.280987179487184
27,34.755774614274614
8,7.974666666666667
33,15.14770815295815
88,50.420987179487184
82,48.33665384615384
22,36.10940556665557
33,16.135629148629146
8,7.420095238095238
89,55.23872222222222
5,10.10528151260504
29,38.77761435786436
36,14.885533910533908
30,46.904312770562754
5,10.003281512605042
39,19.830145021645023
94,59.631638888888894
42,21.386047619047623
11,9.273047385620915
54,48.46513095238094
93,62.74338888888889
8,8.968714052287583
32,47.0735476190476
89,63.43088888888889
37,19.308214285714286
5,7.6387140522875825
83,63.33013888888889
26,39.70166666666667
33,21.15
21,37.478
7,7.414352941176471
79,59.31805555555556
33,21.766666666666666
6,6.0175
31,23.194499999999998
71,59.26833333333334
19,29.19
23,20.5245
13,22.432
61,51.81642857142857
4,5.38
7,5.994322510822511
23,22.88
55,41.83714814814815
7,14.14556634705164
9,12.83076243201243
7,4.815153252671428
46,39.8465
22,18.675
19,14.867
41,35.66119270671857
3,4.780224181440179
11,8.342079028704028
38,33.3904812346158
20,13.834294788544788
2,3.395033255864925
8,7.761032972907973
5,7.668815024190024
43,33.44926694890151
6,3.6571078058004773
16,14.543437645687645
18,14.722056693306692
7,5.014550862743533
9,10.362111416361415
49,37.971953612479474
3,5.2583898941727725
12,14.930079365079367
18,13.976086996336994
54,43.33336956521739
23,16.256666666666664
7,6.636222222222221
63,45.41166666666667
16,17.750476190476192
5,8.941666666666668
27,15.956011904761906
78,49.2020467032967
26,22.50575
9,9.5135
89,49.37123717948718
20,26.08775
27,13.822951298701296
13,9.831166666666666
34,12.707487012987013
94,49.70123717948718
24,28.092583333333334
30,13.028415584415583
78,49.13457051282052
21,26.04084884559885
13,9.160166666666667
32,25.845658369408376
32,15.308055194805197
88,48.701987179487176
10,8.980666666666666
10,9.210500000000001
26,26.55394408369409
89,50.560987179487185
34,14.485086940836943
22,25.787586940836945
8,7.752166666666667
30,15.010291486291486
86,50.490987179487185
7,7.522595238095238
89,46.69665384615385
33,16.22971248196248
25,22.06747222222223
10,10.104448179271708
96,54.09538888888889
42,14.99778391053391
23,21.069349206349205
95,59.44163888888889
39,18.379061688311687
11,9.78444817927171
19,24.97419902319902
7,9.231714052287582
21,26.15269902319902
88,62.838388888888886
40,19.612880952380955
10,8.934214052287581
27,24.94733791208791
78,64.27588888888889
36,19.510214285714287
7,7.737547385620915
26,24.758722832722828
84,63.02013888888889
32,19.733333333333334
78,59.67805555555556
35,19.0525
19,23.130753968253966
9,7.703186274509803
17,22.3
34,20.4645
76,60.82833333333334
3,7.2675
13,16.386999999999997
7,3.9628571428571426
65,50.875
30,21.0445
5,5.660019480519481
11,9.813328961887784
26,22.56
54,41.27714814814815
4,4.63534742124795
21,19.495
8,9.897143467901207
45,38.47316666666667
39,38.24458159560746
18,15.348666666666668
4,4.875175426273777
6,7.810494679977418
6,4.199042942256965
8,7.745285585207953
20,14.125687645687645
38,37.51898917112373
43,38.98327488540944
16,15.047330502830507
9,8.77334938252175
4,3.954366145499993
2,4.882739938373786
53,44.41420361247947
8,10.416301892551893
20,15.818663836163838
19,16.131860805860807
53,49.14003623188406
12,11.983174603174605
6,4.905075630252101
15,17.123809523809523
61,55.37166666666666
6,6.376698412698413
23,17.896666666666665
23,27.29709523809524
23,22.721999999999998
11,9.985
83,79.25633333333333
7,10.235833333333332
91,77.32633333333334
30,24.529591036414562
21,29.01732913165266
89,78.86866666666667
12,10.705166666666667
29,24.51525770308123
25,30.678162464985988
8,9.960833333333333
19,27.699437897886433
29,22.3841862745098
85,78.48866666666667
10,9.892166666666666
84,79.96561904761906
19,27.663021231219762
31,27.517019607843135
35,30.526186274509804
9,10.312333333333333
19,27.7848545645531
85,79.62561904761905
18,26.633890278838816
8,8.783833333333332
30,29.33818627450981
79,77.86242857142857
26,25.788914449112987
31,29.735686274509806
81,75.70509523809524
10,8.257166666666667
34,28.966162464985995
85,77.09842857142857
9,10.416666666666664
31,24.94100571895426
31,31.901019607843136
83,80.81409523809523
7,10.665
22,25.02713926596279
87,84.55799999999999
6,10.715
40,31.6135
27,25.397905372405365
31,33.32366666666667
19,24.310996642246636
8,10.327
79,85.24400000000001
18,23.161548229548224
31,31.288666666666668
79,82.95400000000001
8,8.652000000000001
76,76.92
9,8.097000000000001
16,22.56307936507936
32,29.121666666666666
65,65.95833333333334
30,27.014499999999998
4,7.2175
16,18.73
7,5.01
26,25.1345
60,56.37
10,15.566166666666666
9,11.257031342840166
24,24.13
53,48.98481481481482
6,5.936686147186147
5,5.15232361172414
23,21.465
9,11.193464896472637
41,45.905
10,8.053709326442064
20,16.267
5,4.967179394527745
37,39.915901792651795
35,39.217261749120446
17,15.94466666666667
9,7.325363326910698
3,4.790285005749028
12,8.659038235335602
6,3.7202986851825335
39,40.276380796739495
17,17.12066666666667
12,10.01814713064713
4,4.86093438281823
50,45.767857142857146
18,18.289333333333335
4,5.573428571428572
47,48.75003623188406
12,12.179031746031747
20,19.01666666666667
53,52.83
7,6.381507936507936
14,15.843809523809522
16,21.666666666666664
13,23.590833333333336
64,96.01333333333332
20,25.2495
8,10.136057692307693
81,93.06333333333332
25,26.173833333333338
8,10.356057692307694
19,23.502309523809526
8,10.806891025641026
16,23.93730952380952
78,87.61499999999998
23,25.758499999999998
26,22.383499999999998
7,10.027557692307692
73,82.48220634920635
18,25.207684523809522
6,9.84222435897436
20,25.43310119047619
28,25.6015
74,83.611123015873
21,24.79702976190476
31,28.234547619047618
5,10.177391025641025
73,84.610123015873
9,8.674391025641025
70,82.86178968253968
27,28.597047619047615
16,24.465696428571427
23,29.90421428571429
68,80.34545634920634
5,8.019391025641026
21,26.442958333333337
26,28.359380952380953
68,81.792623015873
10,9.982141025641026
27,25.862541666666672
28,30.740547619047625
26,24.777932539682542
69,86.16186111111111
5,9.96347435897436
27,30.651130952380953
23,23.592480158730158
73,86.1068611111111
7,10.039833333333334
66,86.24952777777779
26,29.582416666666667
28,21.091738095238096
6,9.319833333333335
26,29.218416666666666
24,20.180404761904764
62,83.52052777777779
7,8.082333333333333
25,28.803416666666667
19,22.63590476190476
64,80.25819444444444
8,8.039
18,19.57
60,64.78
6,6.8975
26,27.014499999999998
16,15.710166666666666
22,25.1345
52,53.85
7,4.74
21,24.13
42,47.38981481481482
4,5.331924242424243
11,10.807630718954247
40,43.83333333333334
5,4.762705392102877
16,21.465
8,10.972058596632127
30,37.793520840270844
6,4.458959044580669
12,16.267
7,8.613820498619027
27,37.50212096237097
6,7.494082243195402
2,4.270784935522231
14,15.94466666666667
33,38.47612096237097
5,8.57900715162031
11,17.12066666666667
6,3.810055022377004
12,18.289333333333335
29,43.61696428571428
5,4.58677496909695
5,10.14314713064713
12,19.01666666666667
35,48.08003623188406
5,5.253428571428572
8,12.354507936507936
39,53.27
7,6.45234126984127
11,21.666666666666664
13,18.080714285714283
54,77.05
14,25.2495
13,23.590833333333336
5,9.815
18,23.502309523809526
4,10.175
18,26.173833333333338
55,74.0
15,25.758499999999998
21,23.93730952380952
52,72.03
10,10.545833333333333
47,66.87633333333333
6,9.6265
13,22.383499999999998
19,25.207684523809522
10,9.511166666666666
47,67.33391666666667
16,25.43310119047619
12,25.6015
4,9.8855
16,24.79702976190476
43,68.54891666666667
17,28.234547619047618
19,28.597047619047615
15,24.465696428571427
4,8.565
46,67.40891666666667
16,29.90421428571429
46,65.98391666666667
5,7.76
20,26.442958333333337
33,25.862541666666672
14,28.359380952380953
47,70.31375
7,9.794500000000001
36,24.777932539682542
53,76.00541666666668
20,30.740547619047625
8,9.995833333333334
20,30.651130952380953
53,23.592480158730158
5,9.925833333333333
59,76.89041666666667
20,29.582416666666667
6,9.245833333333334
53,76.69708333333332
54,21.091738095238096
20,29.218416666666666
29,20.180404761904764
8,7.9383333333333335
55,73.28708333333333
6,7.775
24,28.803416666666667
51,72.03375
25,22.63590476190476
47,63.77
20,18.76
20,27.014499999999998
4,7.0775
20,25.1345
14,15.876
42,54.98
6,4.91
35,48.299814814814816
18,24.13
11,12.745
2,4.917333333333333
15,21.465
10,13.156407425907423
4,5.7644761904761905
36,47.09
12,16.267
11,9.716621320346318
25,44.20922222222222
5,5.7371773399014785
7,9.591855053718211
4,5.872982895457033
14,15.94466666666667
26,43.59936507936508
15,17.12066666666667
4,4.83034126984127
29,45.04553174603175
5,9.845093148956305
13,18.289333333333335
7,11.596666666666668
30,48.13690476190476
5,5.010809523809523
15,19.01666666666667
3,5.436285714285714
37,53.44916666666667
12,12.626055555555556
39,63.47
15,16.59904761904762
6,6.616031746031747
12,21.666666666666664
43,90.33
22,23.590833333333336
7,10.135
14,25.2495
16,26.173833333333338
47,90.63
19,23.502309523809526
7,10.365
14,25.758499999999998
46,89.01
18,23.93730952380952
6,10.8725
21,25.207684523809522
5,9.773166666666667
11,22.383499999999998
47,82.46799999999999
6,9.567833333333333
13,25.6015
42,86.20133333333331
19,25.43310119047619
7,10.088833333333334
14,28.234547619047618
45,89.09633333333332
18,24.79702976190476
4,8.793833333333332
14,28.597047619047615
43,86.29633333333331
19,24.465696428571427
20,29.90421428571429
31,26.442958333333337
6,8.1655
45,83.64299999999999
53,87.6675
55,25.862541666666672
17,28.359380952380953
7,10.355833333333333
40,24.777932539682542
18,30.740547619047625
5,10.259166666666665
58,92.5675
18,30.651130952380953
54,100.3475
41,23.592480158730158
4,10.015833333333333
56,93.6175
22,29.582416666666667
3,9.195833333333333
39,20.836738095238097
58,89.3675
38,20.180404761904764
7,8.203333333333333
19,29.218416666666666
7,8.05
58,81.3875
21,28.803416666666667
42,22.63590476190476
4,6.54
23,28.28592857142857
43,20.606829365079367
51,71.535
5,4.695416666666667
24,26.970928571428573
23,12.876123015873015
49,54.85
5,5.038064509564509
12,9.734124941763602
39,54.37
19,23.59
9,8.241814762344033
35,49.2785
18,21.59
3,4.877861874236873
5,4.232135992789311
9,7.178334266324246
37,42.20765151515152
17,17.274710678210678
3,3.8411587827809317
33,39.08361976911977
9,7.615913500348655
16,16.723128187728875
34,41.81798484848485
13,8.02235195272094
18,17.033206470557154
1,4.07293656055871
19,16.89401323384218
2,2.830851382451792
13,8.244691938331828
42,43.3575
6,5.9
45,48.025
13,11.425758340424448
17,17.593116408445358
12,16.149522144522145
48,57.43
3,6.82
22,23.08049891774892
24,19.230771248903597
60,73.21701803844067
22,21.01447463460571
5,5.67
21,23.82990245813719
7,9.073611111111111
70,81.88697849477612
23,24.794940172837947
23,23.429506495404272
65,83.48397849477612
9,8.935785714285714
22,24.96960317650095
40,78.97547865141773
25,23.31810614575392
23,23.18118254158032
7,7.891936507936507
23,26.986524256001257
65,80.62422535761007
21,26.744239346466347
7,8.780873015873016
61,81.18060630999103
10,9.443492063492064
23,27.409407733634733
21,26.669567268544274
35,80.18547932586407
16,24.791685289412285
20,26.313729384206386
4,9.554841269841269
22,26.715889371012715
2,8.950674603174603
20,24.458595276218617
70,76.86605818267118
5,6.872619047619047
23,23.7856746837392
18,22.2695283855929
74,79.08900232186532
7,9.753380952380953
28,26.79640417794765
21,25.849409923409915
83,87.04880354428182
28,29.611607412621478
10,12.67
84,92.06324798872625
22,31.570812118437114
31,29.41719832171239
9,12.050000000000002
78,88.54908132205958
20,30.660145451770454
30,28.837970718050425
76,82.59299798872624
7,12.390833333333335
17,26.24779566185448
6,9.565
15,22.61933678739561
73,79.53575226223053
31,26.390511843591558
15,18.81138492063492
7,6.7
27,24.83927221462747
72,71.055
4,6.611520562770563
59,55.43
11,13.88337904731785
28,24.57996160856687
24,23.31
6,4.973850223850223
51,52.531000000000006
7,10.153988037001698
45,47.481833333333334
10,8.638145451221671
22,21.03
2,4.637027625152625
5,7.612616866349173
36,42.605008658008664
5,4.878987509328328
17,17.201702075702077
5,4.531658345717995
37,40.28314357864358
17,15.634564029664716
9,7.725660935931554
46,43.60434199134199
17,15.728808979159664
5,4.68650072719273
8,7.949975325374897
4,3.6057564581767214
21,16.070210980539926
9,8.85958182380867
48,49.7525
6,4.449090909090909
19,16.87739779372674
11,11.615366183561703
53,51.942692307692305
20,19.39242748917749
15,18.447855477855473
60,58.43
9,6.7
16,22.145468218600566
7,7.39
81,72.2737181648327
22,22.947819872700947
11,9.1415
28,24.885447079768024
87,82.0991272836168
31,23.6299623953703
14,9.542119047619048
91,82.4131272836168
26,25.60908230565326
30,23.357038654859597
92,76.83650839263936
10,8.874436507936506
26,24.426127526156023
29,23.375291679612623
33,26.177883243240966
17,8.113039682539682
32,26.386073537223705
94,76.80176700359362
13,8.97215873015873
98,77.70133843216504
29,26.563485620395976
31,26.00538280471061
84,76.92408085640747
30,24.728458340286146
24,22.3673983465587
29,11.17934126984127
27,10.002952380952381
89,75.90532637988126
30,24.93703499375915
23,22.3367250000317
33,23.384527793443112
11,9.190714285714286
90,78.29483004288494
20,21.31076170025957
18,24.153979104229098
32,26.252871177451414
10,9.52885119047619
102,85.71743999116825
35,27.47341610284193
23,25.108975996226
12,8.029458333333332
95,86.40813046735875
33,26.845507011932842
9,10.101458333333333
88,82.75421380069209
18,25.000352807820203
21,21.317917436818654
86,80.02599157846986
30,26.67278021302168
9,9.230291666666666
17,21.950956855733075
6,9.190083333333332
80,77.11707918530746
31,26.240014520380996
31,23.70260554796081
10,7.67
11,16.642536435786436
73,68.445
7,6.101520562770563
11,14.874545713984519
28,24.178294941900198
68,55.40333333333333
19,21.76
11,10.832403527226012
52,51.711000000000006
7,5.221219271469271
44,48.4941862745098
20,19.583833333333335
5,3.9551373848459757
10,9.228747844541184
38,41.956147546897554
21,15.363841648772686
5,7.1576721173525755
2,4.1384132796112825
17,14.872700716732439
9,7.078137272408356
40,36.70092964138409
4,3.390916228333061
6,7.5473090694150935
47,39.49882069477515
21,15.234140110671833
4,4.154658175029094
2,3.7614695751891105
11,8.243849279747806
20,15.008542112052094
51,46.12991666666667
7,5.729740259740259
11,11.658195892500107
23,16.838375066454013
55,49.13388278388278
65,56.33
11,15.12395721237826
6,5.313863636363636
20,18.499238095238095
7,8.07
20,21.02392452567324
79,80.90487551472917
19,20.299654040404036
11,10.60759523809524
27,22.026857070412028
21,22.138897671115675
87,83.77119342367536
11,9.552714285714284
95,83.70369342367536
32,22.097954725172727
21,22.941989679983998
8,9.842865079365078
31,22.312082930300924
82,76.50155108392447
20,22.93224774319961
33,22.7859908807734
93,78.2868633682585
9,10.7119126984127
27,23.317412187178576
9,11.380055555555558
30,22.88227064267817
91,78.65353003492515
22,23.3347152174816
20,22.051322610088995
30,23.66700549116301
9,9.951442612942612
84,77.06315701905216
22,21.51865272306545
86,73.57622072434411
37,23.218252270806133
13,8.814942612942614
21,21.067245110210468
9,7.76773482073482
36,22.792561746418237
88,75.0164149029725
21,21.016671744921744
8,8.404611652236651
92,79.91205541047117
36,24.50077774310799
11,7.2969330808080795
91,80.31627763269339
21,22.421237900987897
33,25.217886438062273
8,9.080599747474746
19,22.613614712582102
86,80.74405541047116
35,24.625886438062274
9,8.232599747474747
17,20.385211296467777
37,25.30471478099631
86,74.62944745592571
17,20.688679286810768
34,25.561629463535994
74,69.3144575569358
9,7.181558080808081
30,21.362617452722716
4,9.1175
70,63.03
16,15.712607864357867
3,6.081520562770563
28,21.26664017999545
62,54.23333333333333
12,12.79400375594256
54,48.01947222222222
8,10.584600718923205
27,19.3785
4,4.181866096866095
46,41.093343137254905
19,18.91316666666667
5,5.2044570096656
9,8.985191067984408
6,6.791786361213687
37,34.874333121127236
17,13.034670597601632
1,3.1150706138116093
7,6.572887789013152
32,32.82662182937039
19,12.48413284016456
1,2.6094907939506227
42,32.6891557399043
4,2.5774642281134357
19,12.501466173497896
11,7.069316620651922
6,4.058317916540741
7,7.546702004186335
18,11.123058651068632
46,33.25475
23,11.524618933697882
5,7.101406926406924
49,38.969049450549456
16,11.878987559166774
21,12.36238961038961
9,6.0005303030303025
12,13.72618282010387
58,43.845
22,15.710067206486153
22,13.13312742606572
93,47.088718181099765
10,6.66
23,15.858579951910663
103,48.39985706998865
25,13.091370205474137
10,8.062166666666666
11,8.602166666666667
20,15.7211728047063
28,12.602600197668641
101,48.25578014691172
18,16.338809073050115
85,46.23642294486026
9,12.858833333333331
29,12.405465277033722
9,13.261666666666667
32,12.492825666644112
29,16.286309073050116
98,45.822842030676405
13,10.454809523809525
95,45.22413323946761
37,12.488407917726363
26,15.563488693429736
32,12.798957446628833
5,8.26447435897436
26,15.188607741048786
94,44.756151637736004
27,15.133669365698644
33,13.173499113295499
9,9.087807692307692
89,44.23593393438672
24,20.11057306384588
37,13.928283364175336
6,9.03340293040293
91,50.17547222222223
92,56.140872549019605
40,17.01427446860471
7,8.597303571428572
23,39.60304781329782
88,57.55982889822595
36,20.532857709437952
15,55.624931002331
10,7.841065476190477
20,53.74647448059186
82,61.380864612511665
6,11.539375
34,20.69956283764309
8,10.107541666666666
80,59.189197945844995
33,20.187118050928998
17,26.60890605514047
32,19.55099701918296
80,53.22528571428572
5,9.616464285714285
14,23.71399263522705
11,18.09488816738817
6,10.4275
74,52.02
30,18.28186348446875
14,14.568387891414934
61,45.0975
6,9.144853896103896
26,18.250052878408145
8,11.21385410720159
26,16.816499999999998
7,5.464682058682058
54,37.71680555555556
5,9.598098859905134
6,5.984431392137276
43,34.927843137254904
19,18.356166666666667
2,3.68961609578208
37,30.833904549698662
7,6.7628075992349235
18,12.344027740458776
14,12.63065664968837
34,30.454383734132293
1,3.139285852972393
4,6.5048345922099555
45,30.5684176446662
5,7.026661317621618
16,12.739323316355037
4,3.100987603302183
6,4.223219521383006
52,31.77975
18,12.273415793925778
9,8.345921399223666
10,11.156141980038301
4,6.065603535353535
54,36.12304945054945
14,14.025476076555027
21,13.981913419913418
12,14.10191384463489
8,5.167472943722944
62,40.43
18,16.662047811674626
10,5.98
74,43.97563215163214
21,14.677877775398933
87,47.104382151632144
19,16.84871093303898
9,6.013
21,14.474920053554214
89,47.439930991681
22,16.80565672701109
10,5.398
25,14.265502986925192
8,4.953
26,13.89720428562649
19,17.340404106466014
83,45.97187934518509
23,17.23268982075173
32,13.923564675236879
10,5.8
90,46.24092938338218
31,13.86517073584294
7,4.793333333333334
24,16.501869441131355
81,44.311887258840045
32,13.957136931412073
7,5.835748168498169
19,16.28686944113135
80,45.138875354078145
28,14.908494976145123
10,5.950748168498169
22,16.433617573717722
81,45.7209208086236
10,7.722581501831501
29,14.653932529036961
84,51.09513888888889
46,19.56236108181346
29,22.481702666715172
7,9.130982142857142
81,60.27145588235294
30,16.6872697515345
6,8.223482142857144
18,23.472291396767375
76,59.83295588235294
31,19.134230394205666
74,64.1078487394958
29,19.367299425129673
7,7.841958333333333
21,25.22219084123918
21,19.705974888535835
6,7.4492916666666655
16,20.432923566706577
71,63.85551540616247
24,19.372052574738515
19,21.416965892645965
9,9.123714285714286
70,60.77250793650794
64,53.9
4,7.505833333333333
16,19.83333658008658
27,20.116371187549984
53,45.0575
25,19.618060581489377
5,6.547383658008658
10,12.281393019620062
42,42.22013888888889
9,10.697698968861669
24,18.371499999999997
3,5.760170620773562
17,17.783809523809524
4,9.377067928842386
2,5.480917143314204
36,40.95034313725491
15,17.68898805791909
5,6.810244133561435
29,34.86400623126746
5,3.7633984670056275
14,16.522065521518293
27,33.864182431228414
6,6.5106044598698
5,3.1826225587502757
3,7.04122239407267
2,3.4697296682547742
8,15.55178245675697
28,35.52538300842898
2,3.948156752280763
5,8.023442416303036
32,43.70717366689038
9,15.637215242712134
35,47.51474242424242
10,11.674228936560041
12,18.57685092216678
3,4.68429537129537
3,5.246222943722944
13,19.032751105316965
46,54.3275
16,13.87433051130156
9,6.595
15,20.781384384409993
46,71.28243894798987
14,19.048423827239418
18,23.673628291083514
52,78.70194914654543
10,8.968
22,20.26046074085588
20,20.55939279317364
54,79.9847622096085
17,24.73762566483228
7,7.760777777777778
48,79.1481316179779
7,8.18673015873016
18,24.701931424861726
15,20.160069504481978
12,25.125779338536695
5,8.698730158730159
16,20.1970707254832
48,80.92071882407245
12,25.325830475630124
15,20.1970707254832
6,11.283111111111111
44,80.92371882407245
49,79.06622933659517
22,25.192039827839476
15,19.83003446819485
7,8.572775946275947
19,25.176638042125187
7,8.467252136752137
47,79.23372933659518
17,19.31174714701603
5,9.181252136752137
51,81.71586498457292
19,25.149865646417442
12,17.6815321038245
13,20.493427736650215
51,85.60980442680747
6,9.91800992063492
20,25.936940320530635
16,18.978591474018106
57,86.01041235099177
4,8.858565476190476
20,27.048418540567667
14,18.585080384579385
4,9.936875
53,82.59061763985497
20,27.918082179852917
16,17.884332914983577
54,81.59255268580318
4,9.294208333333334
21,26.588739643036483
20,25.286894702301836
52,74.46441267687536
7,10.212047619047619
10,18.31288201029738
47,68.13166666666666
5,6.694166666666666
12,15.268240259740264
17,24.729412334311714
43,56.05357142857143
11,11.433976352953394
7,6.427383658008658
17,25.284084571388362
16,20.1485
36,53.319373737373745
5,5.9109970276999695
6,10.548298614829736
13,21.563142857142857
4,5.87006897859151
30,48.91317647058823
6,9.186310355472186
27,41.44888898171702
12,19.540453425884458
4,5.231566824422014
3,6.879157903672195
25,38.30995232946223
11,17.715835904436503
3,4.529159761525389
8,6.557397907163247
5,4.134905370224425
13,16.286301757424095
4,7.096515841366117
27,40.761430507330104
29,45.03819747641419
14,17.41225306189778
4,8.569584884945506
8,4.299057626099193
33,49.13717099567101
15,18.83679133875502
9,10.753775362356466
5,4.638491258741257
13,20.116774337640194
6,5.766942640692641
41,59.6275
7,11.876185735111115
10,7.295
14,18.30853144780978
14,21.0046723461063
44,71.32774579800261
6,10.300055555555554
18,23.68466625277982
45,78.83336880133528
10,19.55019267846882
11,19.84912473078658
17,24.776441404306365
9,11.422972222222223
46,79.70768186439835
14,24.770747164335813
13,19.536468108761586
5,11.24225793650794
45,78.45876952673602
14,19.543469329762807
8,10.172174603174604
47,80.51731789586236
16,25.16459507801078
10,19.543469329762807
15,25.36464621510421
5,9.854305555555555
49,80.37590817364014
11,19.176433072474463
22,25.23085556731356
49,79.52296358570776
8,8.60524603174603
8,9.37525
11,18.714145751295643
23,25.215453781599273
48,79.34939991049409
13,17.319951993332296
18,25.172848052558198
58,81.10314394814628
7,9.238916666666668
20,26.03729746338778
8,7.962736111111112
16,20.631706568033888
62,82.62381135277793
62,84.13852175331469
20,27.14037092152005
6,7.556438492063491
11,19.312642831157703
13,19.464846027433264
59,82.32608418503503
19,28.133701227471967
8,7.7150099206349205
13,17.751764099897738
55,81.87449145320547
4,7.81300992063492
24,26.88496959291117
23,25.515124652176528
7,18.415685489583833
5,7.449119047619047
59,71.9577332532394
23,25.289507572406954
5,9.242666666666667
52,68.25666666666666
12,13.780490259740263
6,10.290814015291057
20,25.273394095197887
43,59.56607142857143
7,7.206279761904762
4,9.694071268607352
20,23.281999999999996
36,53.261373737373745
6,5.932305330508272
2,5.3882074732238125
18,23.07625396825397
8,8.911202529474652
32,49.53295028011205
17,18.928540727471756
8,6.973328864805495
35,40.93703139003334
2,4.785662774038945
34,37.81016183734564
1,4.912255027767725
8,6.613040315136151
16,17.123530348880944
7,6.9215179213209055
41,39.46849715807066
17,16.047448582820923
6,5.029075101165599
4,4.693466653251402
48,45.12019314740986
20,17.07934433173905
10,8.422883586244208
53,48.39559523809525
2,4.559649988899988
8,10.590460360107256
19,18.358263560977246
61,59.4475
25,20.23321878208464
10,6.054442640692641
12,10.850852401777786
72,59.81326960752641
18,18.209408444376432
4,7.133333333333333
25,21.045915641125458
29,23.497931945690944
91,74.74870178047026
22,19.316545865511667
9,7.730138888888889
33,24.58970709721749
93,78.20855819723845
10,11.212305555555556
23,19.587700140051645
29,24.6256795239136
19,19.31671018469332
4,10.199237373737374
81,76.48172089565115
87,78.27924870200694
37,25.0455791617265
22,19.386453606022947
12,8.574356187929716
87,78.75108897978473
33,25.24563029881993
9,9.13540056022409
17,19.386453606022947
22,19.05476366908092
84,77.53402340173135
33,25.11183965102928
10,8.385031512605043
18,18.659083490759244
84,76.88928548409343
28,25.096437865314993
7,8.180612320685851
19,17.150723066129228
32,25.061332136273915
89,77.62492502740956
9,5.652886363636363
6,7.176189935064936
90,80.86641850363044
37,26.054440320530638
14,19.445617282319603
5,8.651438492063491
87,86.64616990709328
36,27.083763778662906
14,18.58472021211009
32,28.034951227471964
86,85.51045852928979
6,6.126414682539682
16,18.173931344893585
30,26.982126684008477
82,84.57665151174595
16,17.47509696637766
8,6.5342321428571415
34,25.502281743273834
75,75.4327251236878
14,18.24635168939709
6,8.173071428571427
31,24.473705985105376
6,9.372666666666667
64,67.90816666666666
14,12.8958354978355
32,23.814759174562973
12,10.878066566661255
6,5.602621867167921
64,59.09107142857143
54,52.37087373737373
9,9.642743374279457
3,4.306918606121547
28,23.459666666666667
41,49.46283123249301
1,4.491646145662485
6,9.07004729956942
22,19.48811111111111
7,6.955482710959342
37,40.77558881300252
16,19.192245310245305
4,4.4192980744110875
5,4.581742410540226
4,6.589360827956664
32,38.85853527763084
14,17.629254772924337
5,6.851428655688877
46,40.164364104849376
15,16.400530149721458
5,5.056895086835718
6,5.343286035597642
18,16.943290978004665
53,45.603435571652284
7,8.397551855474978
11,10.763333375980272
21,17.422009592723274
53,50.86269480519481
5,4.558734784221625
5,6.7394426406926415
11,11.945393215539184
58,63.94
21,18.513595766211623
18,17.86313860310659
21,20.922582307792126
10,8.718333333333334
105,75.07264824686095
9,10.004305555555556
98,82.73661069841204
20,19.370910944876744
30,23.511931945690943
103,83.76079064459198
18,19.642065219416725
32,24.58970709721749
8,12.25563888888889
32,24.6256795239136
7,10.721737373737374
19,19.3710752640584
92,79.13359221067297
20,19.440818685388027
33,25.0455791617265
12,8.713439521263052
96,81.01036515232823
21,19.440818685388027
8,11.541817226890757
95,81.94757943804252
37,25.24563029881993
12,9.557364845938373
30,25.11183965102928
93,81.12984439530749
25,19.109128748446
17,18.71344857012432
7,9.715612320685851
28,25.096437865314993
95,79.34534042705353
7,7.092064935064935
96,82.72421785774465
37,24.797224993416773
22,17.426956832362993
9,7.1225649350649345
96,88.89082991584615
37,26.28345334127895
20,24.966236007066197
7,7.548257936507936
92,90.20468008648425
31,27.590342788977217
17,23.118475878890692
31,29.027769415275458
84,88.54968238389445
13,20.679815972085763
9,6.951662698412698
5,9.287
34,28.804357534312864
18,18.985678258016495
86,87.90040460611667
14,17.62137450621274
6,7.78502380952381
30,26.147996603576924
76,80.44953558295478
72,71.3825
31,24.257928207327595
10,15.83356990068755
6,5.973291666666666
10,10.526195715290406
27,24.2065925078963
5,5.025046109592163
64,59.73107142857143
5,4.266521170224113
52,52.32887373737373
9,8.7802911663344
25,24.85466666666667
2,3.860528874577877
9,9.110344790755642
45,48.722331232493
21,20.83511111111111
43,41.46828203644574
16,19.080408008658
9,7.059160386406626
6,3.685892241133313
5,6.652621836737279
38,39.0371375364831
5,4.0521169297812945
16,17.736954989374553
3,3.7866777385216817
15,16.224063699505006
45,41.09025496399024
5,6.936111597227811
1,4.410238903788807
7,8.19420661737974
18,16.82715786112155
50,45.69176890498562
10,11.576602759374653
20,17.41495006891375
56,50.486028138528134
3,4.880734784221626
5,4.700109307359307
11,12.45134234973832
64,60.06333333333334
20,17.228452909068768
21,18.784035145061956
6,9.229833333333334
27,21.22379262525244
81,73.0319642857143
29,23.589404167913166
9,8.28025
36,20.04940968553244
96,79.46976681210946
16,10.43225
98,80.2827112565539
26,20.664492531500986
34,24.63744598610638
22,20.0560105126506
9,9.549181818181818
31,24.67341841280249
88,71.2708171898363
33,25.040164010211345
21,20.145845814322108
8,8.77159825142178
94,74.23988978554125
35,25.19478181397144
100,74.62928372493519
22,20.145845814322108
8,8.664749766573296
7,9.736964052287583
90,72.61923915839061
37,25.06099116618079
21,19.81958649938965
34,25.04558938046651
93,71.19906058696205
18,19.46102107516633
9,8.53968374925728
15,18.602081222539706
97,70.03218331423477
6,7.530160173160173
40,25.02023365142543
8,8.494660173160174
21,22.714194787129955
94,74.41531715506716
44,25.552368526049108
38,27.561304192234775
94,75.76620604395605
10,8.474575396825395
17,21.523072754192544
6,6.983146825396825
37,27.93429035348757
83,74.2899123931624
22,20.849013591133385
14,20.81242184776009
7,8.166666666666666
32,26.372433347388668
82,73.48282905982906
33,24.2006279722083
7,7.396690476190475
15,19.162403810242044
77,67.00703174603174
4,7.171458333333333
28,22.673718250617636
68,60.4425
12,14.944314406182054
6,5.911474681020734
25,21.41865744296124
65,52.305904761904756
10,10.245705519211974
53,46.32554834054835
5,3.2632122936091843
24,22.394357142857142
4,8.49218861745532
41,43.25236206277383
20,19.394242424242425
5,3.468356249518395
7,8.015743006743348
2,3.512429014546838
33,35.25455419998959
19,14.81451592851593
7,6.953236010759045
4,4.304298188779759
13,12.59207158582159
38,31.84273331003086
4,6.4661591813182975
40,32.13984608327412
9,6.729108804076277
2,3.840733049947309
17,10.648571585821587
5,3.7499614707277056
52,35.27530574396364
9,8.23370661737974
18,11.320348040848044
52,38.07643864468865
8,10.81379981136481
18,12.334963120213121
5,4.958091927078769
57,46.02333333333334
7,3.7697380952380946
13,11.691080226240901
19,13.075284548784548
14,13.678879573356136
77,45.56570707070707
9,6.062611111111111
22,13.031984296247622
104,46.867135642135636
30,13.995032987590116
8,8.530166666666666
15,14.27453510192343
107,48.15237373737374
17,5.3305
23,13.899731754912017
35,14.049356158797327
8,5.074591880341881
23,13.444471699423545
29,13.262454508792263
96,43.12059992784994
19,13.363157474432851
30,13.28658138655846
6,7.517374708624707
100,41.64525721500721
35,12.651990694360496
13,11.890496891723506
12,8.041374708624707
94,42.08125721500722
22,11.461375847537802
93,40.894733405483414
10,7.676291375291374
32,12.591202739757883
31,13.407366313639198
18,11.680025407655105
95,41.408566738816745
11,5.643
31,13.85321299310352
19,12.378665271059672
111,47.802472222222235
8,4.008333333333333
21,14.385004357298476
112,55.034878787878796
10,5.406166666666667
38,15.058295761714493
13,17.32744973544974
10,8.071166666666667
107,54.41163636363637
38,16.51850304462766
31,15.700014787786461
103,54.28413636363637
17,16.075239778739782
5,6.635666666666666
33,16.48665935672515
13,14.583653929403932
8,7.448499999999999
97,53.85663636363637
9,5.359500000000001
92,54.3519696969697
27,15.793996658312452
13,14.561621822621824
36,18.058387827858418
11,11.900801668919316
8,8.436220238095238
87,46.3925
7,7.0293080143540685
6,8.774916161616162
25,17.40787572150072
76,41.353
7,8.186892996409696
6,4.237155701032234
65,37.017643578643586
23,18.213857142857144
51,35.35243371248635
7,8.002819722180883
5,4.796874700599709
17,16.15809956709957
16,12.490963980463981
48,33.43625491594031
9,6.663270071273357
1,4.944499143094107
12,11.927055352055357
3,4.983394400967101
7,5.863215407212238
43,29.21414325640632
13,11.426876780626785
8,6.044642380664482
48,30.011695423588975
6,4.747049183896459
17,11.862375457875464
55,30.46805782521572
6,4.472565949148642
8,8.02865228837541
18,12.728113553113555
12,9.015678626993623
60,36.234152930402935
5,4.977675260412102
12,12.145749640160318
74,44.63333333333334
7,4.228821428571428
22,12.359649267399268
78,50.01212121212123
14,13.064912262631085
8,7.002756132756133
24,12.919159842665424
93,50.203549783549796
12,8.330168831168832
23,14.01529824059763
15,13.981967021597606
99,49.841287878787895
17,13.1532242806468
27,13.593015351198778
7,6.904002164502165
8,6.10990356865357
26,13.02992430725432
85,46.79829184704185
16,12.882898207842311
16,13.064909740427373
89,44.84799747474748
10,6.076995920745919
31,13.18129360926294
92,43.859306998557
8,5.012912587412587
17,12.408672123640995
30,13.120042549654608
16,11.890224350628566
31,12.987503623801024
6,4.920329254079254
86,43.51544985569986
29,13.854500531015674
17,12.141492958364916
8,3.8024722222222223
83,44.657056998557
8,3.2841666666666667
94,50.966
16,12.5690795256504
33,14.165043914360913
34,16.273847654266383
100,55.23503030303031
17,12.850738484282601
4,6.520166666666666
32,16.134183508608118
9,7.074138888888887
11,12.431058770858773
94,55.00003030303031
7,5.457416666666667
79,55.072530303030305
14,12.608398814148813
27,18.49964177191344
78,55.07503030303031
31,19.385750626566413
12,13.497487262737263
5,6.354416666666666
28,18.144115705931494
14,13.618816267066265
76,54.11121212121213
4,6.461722222222222
30,18.843554494525087
13,11.90333341495106
3,7.559553571428571
67,51.65428571428571
10,7.734284126984125
26,18.181042388167388
59,44.604000000000006
3,5.92134805764411
8,4.451743639936527
22,16.136714285714287
10,7.7256413206366945
44,39.19177128427128
10,7.320402842756745
19,15.569169230769232
43,38.109884372937
4,4.75138781598992
1,4.734093145380906
14,15.758093743756245
34,37.39797147192817
5,6.7893376339407725
7,6.152943143039828
15,13.783168862759624
31,37.023418053097046
6,4.841427665085861
9,6.349370116492071
34,38.38388065706515
1,4.689582079057319
14,13.514192672283434
6,8.115695630086272
33,43.32243505471138
13,13.917793926906429
2,4.515015788954895
14,17.12750692268258
5,3.8441212311080735
10,9.472589160904157
38,46.28964542475069
11,11.489764791675471
17,17.39648527766094
6,5.827133838383837
45,52.4485
13,15.141009376726046
50,60.52118849206349
17,18.425600863670475
6,6.687145021645023
52,63.36241071428572
5,6.433224386724387
23,19.10052166426871
13,16.46500804763648
12,7.675605339105341
20,19.00730737855443
13,16.419119463997895
54,64.29157738095239
12,16.248952797331228
18,19.071307378554426
3,6.739173409923413
52,66.47732738095239
22,19.456924770965937
51,68.93941071428573
10,5.661126873126872
11,16.100713046885595
9,17.36759758369051
8,5.200162587412587
54,71.77955357142856
17,22.342925589461483
6,6.801912587412587
10,17.803153139246064
18,24.32144085797675
51,68.63422023809524
9,18.097633531402927
14,24.787230773943136
6,6.694055555555553
52,68.2095906084656
19,25.89766491916079
54,78.4009775132275
7,5.731916666666667
13,18.443256942305748
4,7.578869047619048
60,90.04231878306878
11,21.295839628837587
19,31.34471390100651
64,87.1965687830688
9,6.101091269841269
13,20.19260578928533
19,30.706748316590932
8,6.312964285714286
20,31.372032860340955
12,17.565706994315246
60,84.74073544973545
15,29.717560876808133
57,81.17140211640212
7,7.659583333333334
13,15.515781344773215
18,28.787009289506546
58,74.76635846560846
5,7.230888888888887
11,15.4714114695504
5,9.961428571428572
15,23.6901775103981
49,68.40495238095238
10,13.809221249338897
6,11.543362493062489
42,54.89526090576091
18,21.070332070707078
3,4.400514724310776
6,4.295337555280444
16,21.628833333333336
8,7.518275666682806
35,51.19186904761905
4,4.918753977606082
15,18.75003236763237
36,44.49879583647346
6,7.507801896317562
1,4.690319344182106
5,6.781899746847099
27,39.3688852155375
10,17.412401394438895
1,5.095970744837123
23,38.352582605284766
10,16.846121416755906
5,6.205682431711565
5,6.340249665743021
8,16.67022855961305
29,38.978411176618835
3,4.946486870678272
5,5.6679429428540935
33,43.55871752224384
5,8.270336072976715
14,16.93642440238211
9,9.595089160904157
36,48.12122875808402
8,17.985781931987006
6,5.70653789777474
8,11.914655386374884
12,17.82919751640259
43,57.659547619047615
4,6.019419552669551
12,19.975240471185483
4,7.9275714285714285
51,83.60387658819509
7,17.847730510009896
7,9.03764502164502
8,21.229422418484905
53,87.57512257257635
17,22.135189666255677
6,9.304676767676767
52,86.29929717575095
11,21.948237608729443
18,22.695962347505393
7,7.73919660894661
13,22.467443977934575
51,85.46920482365859
16,23.03400850237391
7,7.734218253968255
50,88.15343260887572
13,25.58395481264326
9,24.082256686549584
10,10.540686507936506
19,26.921681202436194
46,89.10630165649478
8,24.69358099721023
51,87.27366255875044
9,24.36455997865975
21,26.649034426759957
7,9.023436507936509
10,8.28615873015873
23,26.519425008400546
53,86.00825087783873
9,24.23037784247761
62,89.68168341752128
7,8.736353174603176
21,27.985423859550895
11,24.729828063723453
21,31.267328902448135
14,24.431063069612495
9,8.75859126984127
67,93.18079110150394
63,92.19449943483731
7,6.925146825396825
21,31.045079008774564
13,23.300533692264693
60,88.96886848245634
21,31.021177405338445
4,7.801603174603174
10,18.384706742116467
62,88.15345181578967
5,8.32572222222222
25,30.292902613502815
11,17.7324475258144
5,8.36911111111111
11,17.261363364877294
59,77.97615814608673
17,30.059421287639132
19,24.56242171717172
9,15.051195275312923
7,6.358
52,69.58095238095238
44,57.550260905760894
6,12.600385220335218
5,5.085514724310777
18,23.2007601010101
18,21.485222222222227
8,7.884475300382441
5,3.8370127985627085
40,50.79219047619047
12,18.96214925074925
5,7.449535774830357
33,46.033450598378224
6,3.5698483729952697
13,17.40959764263514
6,6.996175303795999
3,3.7923415406147463
32,40.44132948789741
33,39.49870544907324
11,16.82373829987279
7,6.570093587091556
1,4.820517334030338
5,6.731436804642417
14,16.815226395110884
4,5.0105210023127045
43,40.00422449659779
19,18.164608745816448
5,9.047543351696659
6,10.314420468950223
48,45.675540621659046
8,12.066023681887879
20,18.648164688119763
7,5.177746411483254
52,48.60701080936607
64,58.65633333333334
6,6.288126817626818
19,18.260425510630583
8,12.045544275263774
81,75.79504895616081
23,20.716254360074373
5,6.435858974358974
12,19.300436021002174
7,8.29537701187701
29,22.401174771509904
113,82.613502394805
17,21.734437826769437
19,22.21910150186245
112,82.06684209328601
10,9.01327832312615
35,22.86166967498184
7,8.788139434237262
31,23.214715829850363
20,22.70514120440092
95,79.63624974119365
9,7.656582647886356
102,82.75329593736971
18,24.0255515999695
36,25.556536883350326
30,26.949835964340956
102,83.01386736594114
20,24.643195355074585
7,10.992201695505402
12,8.140489546543254
100,82.72886625520978
21,24.314174336524108
37,26.61718918866472
100,82.41651409810761
33,26.469579770305305
16,24.16199220034197
9,5.301492063492062
39,27.741257192884227
8,4.107698412698412
105,83.5829552169303
25,24.63969242158781
36,31.50936858498782
6,5.134832112332113
19,24.774671280845705
112,86.69918722953382
16,23.08985344195945
33,31.37269561439117
7,5.376776556776557
99,85.758801407023
97,85.25021527256924
5,6.942440476190477
34,31.045460677621712
13,19.627470936255666
86,83.89167641287821
7,8.459845238095237
34,30.648878803979006
11,18.411458514825387
11,17.898223560237494
82,77.6958201701092
7,7.4161785714285715
33,30.13861176382961
74,71.16230769230769
29,27.412659812409814
4,7.114666666666666
13,15.147938781806433
26,24.698164862914865
7,13.708742363192357
64,58.08611804861805
3,5.547467105263158
4,4.267283604811841
26,22.307888888888893
7,7.837647636041495
55,50.571440476190475
22,18.362357975357977
4,8.243324322617775
45,45.90073814416578
4,3.9208112154923724
17,16.15194334138084
35,40.69028461859551
5,4.500770104508309
8,7.924112896246684
2,4.689577227145892
37,39.86876131237207
4,7.366459697131831
17,15.526548284332772
42,40.631522340138595
8,7.473218189793975
16,15.884250665285157
4,4.817277835742846
6,8.430062406157523
7,6.875825157665178
19,16.57929715740486
48,47.0273004323263
4,7.318594896331738
54,52.54802565417039
20,18.424241378096447
8,11.33992557166477
7,5.557925879675879
24,17.856755447360516
64,58.48966666666667
10,12.281131297117051
9,6.605822742474917
23,20.62124200967967
86,74.22708374009031
17,18.834757198190996
34,22.388717449420227
95,82.14907090889322
18,21.338262750212007
11,6.489568774220949
20,21.574763643642246
99,81.39535127455021
10,7.575327228327228
35,22.641664955844767
13,21.959915900293264
96,78.49397320817212
9,6.880724329776504
31,22.870025587902763
6,5.957649866657923
18,24.057885155303055
38,25.37463513232358
98,82.10008160692104
17,24.932468082347313
37,26.799231804611797
100,82.12043874977819
11,7.329205422213479
91,79.67241986515404
8,6.270159939917997
33,26.502221392571922
19,24.71803184013161
33,26.270481021831557
95,79.63136400434819
9,5.983460284769897
17,24.53418303728281
39,27.489047333299364
94,81.22330096393141
6,7.3286676691729316
16,24.998057861703256
92,85.70430349768048
17,25.42460506927949
8,6.814908511663774
34,31.635940904824846
9,6.007625763125763
15,23.608742858098864
38,31.645833590793856
93,85.06100100850298
5,5.884908730158729
88,84.92383154071585
33,31.336462290388035
16,21.50664814630052
6,6.248956349206349
81,83.07975696673911
27,30.454819089184
13,20.332026417510935
9,5.809956349206349
15,20.050001780383358
30,30.034552049034602
83,77.06565181994084
73,68.45397435897435
29,26.498038600288602
8,5.521333333333334
13,13.865141884259536
10,13.481936807636803
60,56.08898168498168
2,5.301911549707602
25,25.998543650793653
26,23.771722222222223
52,49.505495310245315
9,7.805425108568966
3,4.199183420682245
41,45.802947740125376
9,7.920906692684356
20,18.17069130869131
2,4.058365963398783
19,15.721670170107668
7,7.8092575886337325
36,39.932634449758496
1,4.488883095778293
3,4.617088958564617
37,38.688001153851545
12,15.14219177972627
8,7.551792229432526
6,7.670450456768599
14,14.863382255916747
4,4.427107372557731
45,39.33937329272918
11,8.470269655048984
19,15.588943920772213
52,44.652262211774925
4,4.127371833671603
18,17.778712900038556
7,11.292961285950485
55,46.51699527722468
6,3.8412286073919204
67,54.25802380952381
5,5.423842546342545
8,13.320909380145135
20,17.701475887051544
76,77.01962769613426
21,20.774809289621945
9,9.633989409141583
14,19.311677652736453
28,22.518873917951694
95,86.100783696106
15,21.36052239334665
10,9.707735440887614
98,83.83656406176299
33,22.510577251882065
7,10.254216117216117
19,21.41411244761605
5,9.677375123427296
36,22.797604550606728
17,21.898613189115554
90,80.03885266205158
93,83.12119824028767
36,25.40295259264104
8,8.48686415237221
20,24.388657778105088
39,26.69678736016735
21,25.191574038482685
5,9.19186415237221
94,82.53655538314483
38,26.44477694812748
7,6.326020690278746
94,80.15091745090163
17,25.022137796266975
18,24.828288993418173
89,79.76486159009578
6,5.340932146241758
38,26.203036577387106
16,25.254663817838622
100,81.10041027129073
5,6.935155764411027
42,26.747633779559195
11,26.15898890766333
34,28.757901639378083
4,6.528896606901868
104,84.01785153297853
6,7.9068479853479845
95,83.68657682157883
10,24.597175226899644
37,28.158062723615487
86,81.89508592522026
13,22.563094403990196
4,10.150083333333335
38,27.936474639992884
86,80.53262307285524
12,20.8618499645779
34,27.11525007244277
8,7.626892857142857
78,72.54954925583829
10,20.473230089355084
30,25.73199096880131
8,6.657726190476191
4,4.747166666666667
14,14.51825452162217
36,22.01291414141414
73,64.08730769230769
26,20.413252525252524
5,5.303800438596491
4,13.670467332667327
61,52.17981501831502
6,4.515182181985355
54,44.77664285714286
11,10.025295549239408
27,21.192388888888885
17,18.056739538239537
6,8.64112284597551
5,3.3515271268638056
43,39.8519942630469
2,4.000790137113357
33,35.42035891883761
18,13.892436868686868
3,7.3836288672480075
38,33.34266133788651
5,7.159281593664885
15,11.287820562770563
5,3.6983487104777764
18,10.933820562770562
4,3.690127922459041
7,7.205482861293999
44,33.2701516469926
6,7.968793464572791
50,38.54083162227796
19,10.701459451659451
4,3.625186181888559
7,3.240895274058586
53,39.18648211932995
17,12.023410617160616
9,11.131665996095414
65,44.9472380952381
25,15.279986013986015
9,13.537108899923602
4,4.703596819846819
13,29.68835649039082
7,6.693903162055336
83,56.10429166666667
26,16.332763981211553
29,15.849010104713551
16,30.99847034147971
10,6.522307202459377
111,59.87549079065589
10,7.931621212121212
21,30.73380185537644
31,16.128819256135603
110,62.91920940537449
30,15.798152589468936
98,56.32589988156497
21,27.831758204582798
8,7.619438948491124
11,7.235748684506743
36,15.676394033174576
105,53.66485821489832
20,25.91059885463764
103,54.021524881564986
16,25.78639746060684
38,15.634321378367133
10,6.987492551750608
102,55.54819154823164
23,25.6536838242432
38,15.680220296116051
8,6.798879858887915
95,57.376191548231624
35,16.335927345602514
19,26.244389744449123
10,6.18548575929537
38,15.89229162502081
6,6.394777559282822
16,26.223099456691298
109,57.267888517928604
105,61.22553155544666
6,5.904456130711392
42,18.675376984126984
22,35.36918246377806
40,20.070000125313285
101,65.59386488878
10,8.972516483516483
16,41.433752491411234
95,60.61319822211333
10,37.17157630093504
36,20.296062030075188
4,9.880835164835165
31,21.354134920634923
7,9.406835164835165
82,61.821531555446676
12,28.68190710678211
6,6.734976190476191
87,60.72175882817393
37,21.60344444444445
16,27.91710912698413
4,6.147166666666666
70,58.20964102564102
13,21.7483092120298
32,17.205887445887445
11,14.075998664081014
66,44.58233333333334
3,5.887722222222222
29,16.720720779220777
54,38.11209259259258
23,18.651912698412694
8,11.452950944637383
6,3.634505219664376
1,4.244080691902958
6,9.905689253084889
42,34.8831409774436
18,18.481497113997115
3,4.000611506810942
7,7.715750102116093
37,34.48075536226347
16,13.443090187590187
1,3.657140476928366
4,7.760470968707193
37,33.35554919157871
17,13.620247691197692
5,3.7082592382491804
14,13.479581024531024
40,33.832622834018146
9,7.783507317921387
22,13.214386580086579
48,37.719435407381745
7,7.659319203529176
6,3.420530405194977
17,11.710829365079364
59,40.45668907903691
5,4.35742816146104
8,11.749832662762081
67,48.01640476190476
23,14.489749999999999
4,5.549680153180153
10,19.675258331864214
4,4.5046060606060605
14,19.117359652424874
88,50.30770075757576
27,14.79757868448214
34,14.517078291818613
10,6.15403787878788
94,51.22724145665655
17,18.479847007343263
101,52.62247955189465
11,8.363482323232324
15,18.170525578771834
30,13.762050514040833
4,7.570316942719118
89,48.2441282087933
15,17.333993832740088
32,14.860252894993216
6,7.245150488258546
88,47.989866304031395
18,14.500806979738012
33,13.970478740403848
8,5.641561022169078
89,47.815032970698056
32,15.368774258611127
19,14.017826821007855
83,47.40503297069806
6,6.033964563072619
38,15.61505347939035
19,14.501660154341186
17,19.345059504990537
8,5.684237438889613
84,48.71651856843366
32,19.31044884056512
20,18.7972316661627
37,20.15217503104131
90,55.36308494650004
13,6.210369630369631
21,21.32027861027861
34,18.160007936507938
90,64.21672203163715
15,5.73086963036963
36,20.060154887218047
18,23.85030895537211
86,66.58005536497048
9,8.9690641025641
80,63.144745841160955
10,8.146025641025641
32,21.37850250626566
10,20.502151566355906
11,9.018692307692309
11,20.097393010584188
71,63.20807917449429
25,23.015158730158728
7,5.981666666666667
12,18.240292000483176
71,62.15461597103108
28,22.95030158730158
26,20.013720779220776
4,6.6258333333333335
15,14.962344926315513
67,56.484641025641025
56,48.80233333333334
11,10.443415330747685
4,6.426722222222224
23,21.034220779220778
21,20.378690476190474
8,9.859178669526875
45,41.51523148148148
3,4.346559422284368
19,19.632060606060605
4,4.269064310136576
33,36.95747431077694
5,9.603388488348065
35,37.12961014001627
15,13.938772727272726
5,7.637529197602148
5,3.804267514881467
25,37.50407875118629
6,7.7724645164077
3,3.6667608066249784
10,13.375644155844155
6,7.842643722764751
6,3.423167305570487
28,38.85597008207762
11,16.534974242424237
11,16.585779797979793
11,9.29566181073626
7,2.850703926118498
34,46.91645598583711
11,16.81930952380952
9,12.980080158730164
4,4.788793240826119
36,51.817326219674044
7,6.622103313353312
9,17.24064642710231
14,17.727809523809526
46,58.246404761904756
21,20.953833333333332
15,20.43095238095238
51,74.31073611111111
7,9.31
55,90.37334208021754
15,26.37337445887446
22,24.471333333333337
3,10.155
33,30.487715686274512
25,27.81255158730159
9,13.791666666666668
61,103.10220511533058
9,12.615219298245613
16,29.679617201426026
22,27.360243506493507
55,96.13217068897262
53,99.56302225407417
22,32.55239357864359
12,30.246426725235548
7,12.511885964912278
52,99.52509551414745
4,12.134385964912278
7,29.95040291571175
20,32.68875865800867
21,30.93190115440116
11,26.907367922926746
50,98.43661138716332
6,11.182719298245614
5,11.51738596491228
9,25.574894757203584
50,97.77944472049667
22,29.290787878787878
60,98.69294472049666
25,29.782411255411258
11,25.042719687175566
7,9.757290726817041
57,101.23175821256014
6,8.102290726817042
8,23.904744911950797
21,33.833246031746036
10,8.937052631578949
62,100.29391205871397
12,23.68861805313709
26,33.517405636468794
56,94.52359931590125
26,34.5157359394991
11,23.364746378406593
6,8.916
8,6.587999999999999
23,33.02761111111111
57,90.78313031268222
8,21.52990275084393
24,27.78261111111111
9,7.405
59,82.98991236103079
10,19.505855492546665
9,14.380678259648846
50,68.97433333333333
19,25.207833333333337
5,6.780833333333334
8,6.770198412698412
40,60.461999999999996
16,24.55616666666667
5,10.159081997414352
6,9.451023907622112
11,23.169523809523806
40,52.73834259259258
2,5.186599278497987
8,9.651730415824183
14,21.83
29,48.80588095238096
5,4.3355077230189085
12,16.178443098568096
25,43.042055911195554
6,7.663003090668147
4,4.537485261763132
5,7.8185980733392455
28,41.41617779948882
1,3.7072784092064994
12,17.437800241425244
26,43.04017779948883
6,3.915617084671141
3,7.872745533664549
9,17.613883574758574
32,51.36250736428322
4,9.220174825499276
4,3.16268617275162
10,19.66874847374847
17,19.895490537240534
5,3.9559718122546905
7,12.693635714285715
37,55.93060399745182
17,19.980166666666666
5,7.284507159507159
7,13.893964608920491
41,63.797
2,10.47457142857143
49,77.96861489898988
14,21.713833333333334
8,19.3955
21,25.66635317460317
5,11.531863095238096
57,88.7989143224357
8,25.018969696969695
10,9.46519642857143
12,24.88328637129124
55,89.82424765576906
22,26.285496867167918
17,25.54280783397888
11,22.25172649208264
51,83.85777781449917
6,8.013218045112781
6,8.331718045112781
19,30.54554653516419
13,25.313677704387644
46,87.9141022722052
8,8.519218045112781
19,31.113269367887032
11,26.07457239303233
52,89.39954341439633
7,8.683051378446114
19,31.43681446168212
10,25.64956157052152
51,87.60485476970771
23,30.097892855510505
3,8.109051378446116
9,23.999733934921828
53,88.15890238875531
60,90.79844121659414
23,29.71035164835165
10,22.978947771344586
7,11.578373889268626
72,94.899035081063
24,34.63117460317461
12,25.91744626174308
3,11.175754841649578
69,97.25507728885523
9,28.881178857725786
10,10.504421508316245
21,34.85988976345293
9,28.620517097264027
9,10.023632034632035
24,34.70305339981656
69,95.45217252695045
11,29.63326948051948
63,92.95726181266474
6,7.841571428571428
23,33.01776190476191
25,29.722166666666666
11,24.698935064935068
58,87.6281626140736
3,7.372857142857142
14,20.102242063492064
55,73.83283333333334
21,29.222833333333334
3,7.5675
6,4.7275317460317465
8,12.093142436974787
23,25.901999999999997
47,62.5845
15,25.93
43,55.29167592592592
6,5.37630837980838
8,10.123547641504715
16,20.31
5,9.754572839092337
5,4.274200212637497
37,50.47278571428572
6,7.831279973880291
35,42.010323920963565
15,15.518891150516149
5,4.430850878863674
8,8.294663863855908
14,15.478641150516156
34,41.058614307425344
4,3.3349634653313194
7,8.514299561491605
42,43.07998335504439
19,16.760629245754245
1,3.5660648508720136
7,10.65103204203204
50,50.61911450714037
15,20.435288156288156
6,3.8253727143648684
16,19.832823870573872
3,5.279138478921357
59,54.25003623188405
7,12.884350000000001
7,14.844819587275474
74,62.33866666666666
22,20.675
4,7.861982683982684
23,21.801560606060608
11,20.53633333333333
92,72.92240277777778
10,9.5195
10,10.214791666666667
15,28.809989538239538
136,88.16443765095904
26,24.049386002886
129,92.0276043176257
36,24.108005885926936
12,10.599791666666665
19,26.394923859619905
16,21.9979333081424
36,24.748291600212642
118,86.3203249525463
8,9.799075187969926
9,9.555575187969925
20,24.057555155368036
41,30.168595236462888
124,90.30443837129131
19,24.77323555829844
39,31.218103783471438
11,10.138241854636592
118,90.8970537559067
116,87.54347225407518
15,24.437058069120948
7,8.660753759398496
41,32.83223257135022
18,21.842783685824514
10,7.802587092731829
39,31.158348843966493
114,86.87538892074184
123,89.11968965334259
12,10.409896616541355
15,21.117263862116555
38,30.324192918192917
12,24.38505997156267
133,93.8783271686051
44,34.230876984126986
8,10.020944235588972
120,95.21206634609428
14,27.587621932624742
4,9.639694235588973
47,34.964185550998714
15,27.17340461660743
35,34.43848555099871
111,93.1391615841895
7,9.328904761904761
35,33.182547619047625
6,7.6935714285714285
12,27.751530303030304
102,91.01136991752286
29,30.507499999999997
96,85.60683324899425
9,7.372857142857142
13,24.03393506493507
85,72.52283333333334
12,19.971666666666664
5,8.9875
29,29.32283333333334
74,60.6945
26,26.622833333333336
13,11.958892436974788
4,4.767531746031746
8,10.485783560175413
22,25.98
6,4.09939039039039
66,53.2169537037037
8,9.52557029759327
21,20.53
7,4.5474838015766705
50,51.66028571428572
3,5.920926913552744
17,17.06930357142857
41,43.75328544241424
4,8.438728966789958
42,41.69164231862981
5,4.374515282354611
7,9.007482775506627
15,16.487125
18,18.76269642857143
47,43.78024946148695
6,9.676002311526164
5,5.554494727696876
55,50.76985260237846
6,5.360267685458068
10,12.478525132275132
23,20.144238095238094
63,54.499321946169765
6,5.100638478921358
8,14.13102380952381
18,20.40642857142857
73,62.85866666666666
9,16.77165292060881
9,6.744285714285715
21,22.051666666666666
12,32.30011111111111
29,20.973000000000003
90,83.426
10,9.453083333333334
106,88.24133333333334
9,10.123375
27,22.10594444444445
17,36.70131150793651
31,22.325527777777783
18,36.510867063492064
8,10.546946428571427
116,91.80333333333336
33,22.458027777777783
17,47.38847312409813
96,88.76133333333335
4,9.766896616541354
6,9.526729949874687
39,27.509660809778456
18,45.61903661616161
113,118.39183333333337
115,121.73633333333336
9,10.154396616541355
40,30.11543858755623
19,42.51358423520924
110,113.20700000000001
20,41.11805844155845
39,30.520962397080044
10,8.729920426065163
38,28.610930651048307
103,109.82700000000001
7,7.915753759398497
14,42.473563492063505
39,26.56290476190476
109,111.13183333333335
10,10.61953947368421
17,74.473
16,153.23425
43,36.85476190476191
108,115.80425000000001
10,10.610622807017544
15,162.33125
103,101.45
41,38.48659523809524
6,10.380622807017543
101,89.4442619047619
41,32.48514285714286
6,9.969833333333334
13,123.55625
13,98.22
92,87.06592857142856
35,31.619309523809523
3,8.381499999999999
86,79.12666666666667
35,27.909000000000002
13,83.05
8,7.8725
6,7.4975
34,29.69783333333334
11,46.465
83,68.9
71,61.774499999999996
29,27.80783333333334
9,25.183500000000002
3,5.212809523809524
9,21.35580324120324
54,56.2649537037037
4,5.8140757575757585
26,25.09
50,50.81278571428572
18,19.975
6,5.768058277238104
8,15.227672965922963
17,16.290499999999998
39,43.74646004558885
7,13.549978726754341
4,5.621303035015824
39,41.87778517577267
16,15.074607142857142
4,12.473865571391187
5,4.329988806415091
4,14.219210809486421
18,15.354940476190476
5,4.574227050929198
49,43.39691612815363
15,18.171666666666667
4,4.2476388975792805
10,19.904500000000002
55,49.50284394436981
21,17.599999999999998
4,5.037986963769843
11,20.32984126984127
62,53.08598861283644
12,29.35622434918023
68,61.49533333333333
3,8.47
25,19.006666666666664
10,9.195
90,69.19314285714286
27,22.80261904761905
14,46.50761111111111
16,48.10847817460317
109,73.149
36,24.03978174603175
8,10.015
109,73.90608333333331
38,24.481448412698413
10,10.498571428571429
16,44.737323412698416
8,9.699904761904762
16,41.94592234154736
32,23.30319841269841
94,73.45774999999999
18,41.14935488122989
42,24.20536507936508
111,74.31774999999999
7,9.222904761904761
43,24.926420634920635
107,75.64608333333332
14,9.888904761904762
17,42.356319166944175
11,9.85740476190476
17,41.71617035742036
36,24.821039682539684
101,72.15524999999998
20,37.582751526251535
10,8.942642857142857
33,23.123956349206352
96,70.63525
104,69.09758333333333
4,11.15607142857143
42,22.403067460317462
15,45.190849206349206
102,74.44425
14,39.575630952380955
11,10.502738095238096
42,27.58195238095238
102,78.25425
41,29.59595238095238
12,41.2322261904762
5,9.711666666666668
6,9.481666666666667
89,77.44425
32,29.837
14,43.2322261904762
12,44.71658333333334
92,74.41608333333333
6,8.5
35,28.4045
34,24.14
9,40.948166666666665
9,7.86
88,71.04875
78,65.02333333333334
4,6.8375
9,57.5725
28,27.914499999999997
11,28.349906976744187
3,6.515
65,57.30542857142857
29,25.6745
3,4.801136363636363
24,24.3
55,49.63162037037037
7,21.32742228882229
3,14.590006299256297
19,19.165
47,45.820249999999994
2,5.8467388720056555
16,15.340333333333334
41,36.54619270671858
4,5.620528016768938
4,12.082766077766077
38,34.14877849291305
2,3.775831013937607
6,12.07422236684737
14,13.155160173160173
13,13.719493506493507
6,3.365559836501115
5,12.952067604942606
42,34.3651356357702
3,4.650951314630828
17,14.683445887445886
5,17.547357142857145
50,38.343842501368364
12,20.573888888888888
7,5.011247037029915
23,14.008142857142857
59,45.092655279503106
71,50.76166666666666
5,6.158888888888889
21,15.006666666666666
11,25.538193213649098
10,37.95402380952381
91,49.110963369963365
26,14.52317857142857
10,9.088166666666666
11,9.46
20,37.80313492063492
34,13.39430844155844
128,50.16765384615385
21,37.88718975468975
112,50.107653846153845
35,12.60484415584415
9,9.812666666666667
100,47.840153846153854
31,12.937439393939394
20,38.28699286824286
7,9.637666666666668
18,36.29873096348096
9,9.524000000000001
37,14.549031385281385
103,47.81532051282052
107,51.280987179487184
12,9.649666666666668
37,14.342729797979798
17,35.4570642968143
103,50.420987179487184
10,7.974666666666667
38,15.14770815295815
16,34.755774614274614
11,7.420095238095238
18,36.10940556665557
104,48.33665384615384
31,16.135629148629146
11,10.10528151260504
109,55.23872222222222
15,38.77761435786436
31,14.885533910533908
115,59.631638888888894
9,10.003281512605042
33,19.830145021645023
15,46.904312770562754
14,48.46513095238094
10,9.273047385620915
106,62.74338888888889
34,21.386047619047623
10,47.0735476190476
10,8.968714052287583
107,63.43088888888889
32,19.308214285714286
102,63.33013888888889
9,7.6387140522875825
33,21.15
9,39.70166666666667
7,7.414352941176471
93,59.31805555555556
32,21.766666666666666
13,37.478
31,23.194499999999998
12,29.0325
85,59.26833333333334
5,6.0175
11,22.324573643410854
27,20.5245
70,51.81642857142857
5,5.38
6,5.994322510822511
59,41.83714814814815
23,22.88
8,14.147036935286936
22,18.675
5,12.83076243201243
4,4.815153252671428
52,39.8465
15,14.867
46,35.66119270671857
3,8.342079028704028
3,4.780224181440179
18,13.834294788544788
5,3.395033255864925
41,33.3904812346158
5,7.761032972907973
17,14.543437645687645
6,3.6571078058004773
6,7.668815024190024
47,33.44926694890151
4,5.014550862743533
17,14.722056693306692
7,10.271444749694746
56,37.971953612479474
2,5.2583898941727725
61,43.33336956521739
6,14.387698412698413
17,13.976086996336994
4,6.636222222222221
8,16.817025974025977
68,45.41166666666667
22,16.256666666666664
13,22.50575
6,8.941666666666668
88,49.2020467032967
20,15.956011904761906
31,13.822951298701296
97,49.37123717948718
14,26.08775
7,9.5135
36,12.707487012987013
101,49.70123717948718
7,9.831166666666666
17,28.092583333333334
86,49.13457051282052
29,13.028415584415583
7,9.160166666666667
11,26.04084884559885
29,15.308055194805197
94,48.701987179487176
8,8.980666666666666
13,25.845658369408376
15,26.55394408369409
93,50.560987179487185
35,14.485086940836943
7,9.210500000000001
89,50.490987179487185
25,15.010291486291486
14,25.787586940836945
8,7.752166666666667
6,7.522595238095238
29,16.22971248196248
85,46.69665384615385
12,22.06747222222223
8,10.104448179271708
30,14.99778391053391
92,54.09538888888889
12,21.069349206349205
9,9.78444817927171
90,59.44163888888889
13,24.97419902319902
32,18.379061688311687
3,9.231714052287582
89,62.838388888888886
33,19.612880952380955
12,26.15269902319902
10,24.94733791208791
5,8.934214052287581
30,19.510214285714287
85,64.27588888888889
6,7.737547385620915
9,24.758722832722828
27,19.733333333333334
76,63.02013888888889
11,23.130753968253966
77,59.67805555555556
26,19.0525
4,7.703186274509803
67,60.82833333333334
12,22.3625
28,20.4645
8,7.2675
4,3.9628571428571426
20,21.0445
12,16.279573643410853
62,50.875
6,5.660019480519481
19,22.56
7,9.814799550123078
46,41.27714814814815
5,9.897143467901207
16,19.495
41,38.47316666666667
6,4.63534742124795
7,7.810494679977418
32,38.24458159560746
12,15.348666666666668
1,4.875175426273777
28,37.51898917112373
8,7.745285585207953
5,4.199042942256965
12,14.125687645687645
6,8.77334938252175
3,3.954366145499993
14,15.047330502830507
30,38.98327488540944
39,44.41420361247947
5,4.882739938373786
11,15.818663836163838
5,10.43830189255189
4,4.905075630252101
45,49.14003623188406
6,11.691984126984128
13,16.131860805860807
7,16.303025974025974
52,55.37166666666666
15,17.896666666666665
6,6.376698412698413
56,79.25633333333333
8,27.29709523809524
14,22.721999999999998
7,9.985
78,77.32633333333334
15,24.529591036414562
7,10.235833333333332
16,29.01732913165266
11,30.678162464985988
10,10.705166666666667
72,78.86866666666667
19,24.51525770308123
10,27.699437897886433
9,9.960833333333333
18,22.3841862745098
64,78.48866666666667
9,9.892166666666666
18,27.517019607843135
58,79.96561904761906
13,27.663021231219762
7,10.312333333333333
9,27.7848545645531
58,79.62561904761905
16,30.526186274509804
58,77.86242857142857
11,26.633890278838816
18,29.33818627450981
7,8.783833333333332
9,25.788914449112987
8,8.257166666666667
61,75.70509523809524
19,29.735686274509806
62,77.09842857142857
8,10.416666666666664
14,24.94100571895426
21,28.966162464985995
65,80.81409523809523
17,31.901019607843136
7,10.665
10,25.02713926596279
6,10.715
18,31.6135
69,84.55799999999999
12,25.397905372405365
15,24.310996642246636
63,85.24400000000001
7,10.327
19,33.32366666666667
8,8.652000000000001
15,23.161548229548224
19,31.288666666666668
62,82.95400000000001
7,8.097000000000001
18,29.121666666666666
58,76.92
13,22.56307936507936
56,65.95833333333334
20,27.014499999999998
4,7.2175
9,18.7725
45,56.37
4,5.01
17,25.1345
8,15.458740310077522
13,24.13
33,48.98481481481482
4,5.936686147186147
5,11.243501931075462
30,45.905
4,11.193464896472637
14,21.465
2,5.15232361172414
30,39.915901792651795
11,16.267
3,4.967179394527745
6,8.053709326442064
9,15.94466666666667
3,4.790285005749028
25,39.217261749120446
4,7.325363326910698
5,8.659038235335602
11,17.12066666666667
5,3.7202986851825335
30,40.276380796739495
11,18.289333333333335
5,10.04014713064713
30,45.767857142857146
3,4.86093438281823
3,5.573428571428572
10,19.01666666666667
38,48.75003623188406
11,11.86784126984127
7,14.737311688311689
11,21.666666666666664
5,6.381507936507936
45,52.83
13,25.2495
6,10.136057692307693
48,96.01333333333332
7,23.590833333333336
13,26.173833333333338
6,10.356057692307694
60,93.06333333333332
11,23.502309523809526
65,87.61499999999998
14,23.93730952380952
20,25.758499999999998
9,10.806891025641026
12,25.207684523809522
58,82.48220634920635
19,22.383499999999998
7,10.027557692307692
8,25.43310119047619
5,9.84222435897436
19,25.6015
54,83.611123015873
7,24.79702976190476
6,10.177391025641025
53,84.610123015873
18,28.234547619047618
8,8.674391025641025
56,82.86178968253968
14,24.465696428571427
21,28.597047619047615
19,29.90421428571429
4,8.019391025641026
13,26.442958333333337
57,80.34545634920634
12,25.862541666666672
61,81.792623015873
7,9.982141025641026
22,28.359380952380953
6,9.96347435897436
10,24.777932539682542
23,30.740547619047625
62,86.16186111111111
11,23.592480158730158
63,86.1068611111111
7,10.039833333333334
22,30.651130952380953
67,86.24952777777779
4,9.319833333333335
10,21.091738095238096
20,29.582416666666667
23,29.218416666666666
13,20.180404761904764
64,83.52052777777779
9,8.082333333333333
68,80.25819444444444
7,8.039
23,28.803416666666667
14,22.63590476190476
4,6.8975
55,64.78
7,19.05
16,27.014499999999998
10,15.458740310077522
19,25.1345
48,53.85
4,4.74
14,24.13
40,47.38981481481482
8,10.812630718954246
3,5.331924242424243
14,21.465
5,10.972058596632127
35,43.83333333333334
5,4.762705392102877
32,37.793520840270844
9,16.267
7,8.613820498619027
4,4.458959044580669
2,4.270784935522231
35,37.50212096237097
4,7.494082243195402
16,15.94466666666667
5,8.57900715162031
38,38.47612096237097
12,17.12066666666667
5,3.810055022377004
9,10.008480463980462
7,4.58677496909695
48,43.61696428571428
17,18.289333333333335
10,11.581174603174604
3,5.253428571428572
20,19.01666666666667
54,48.08003623188406
19,21.666666666666664
71,53.27
13,14.84821645021645
2,6.45234126984127
102,77.05
28,25.2495
16,23.590833333333336
6,9.815
12,10.175
32,26.173833333333338
24,23.502309523809526
128,74.0
10,10.545833333333333
35,25.758499999999998
128,72.03
34,23.93730952380952
24,25.207684523809522
6,9.6265
32,22.383499999999998
108,66.87633333333333
11,9.511166666666666
36,25.6015
120,67.33391666666667
29,25.43310119047619
113,68.54891666666667
10,9.8855
38,28.234547619047618
24,24.79702976190476
109,67.40891666666667
21,24.465696428571427
37,28.597047619047615
9,8.565
37,29.90421428571429
10,7.76
107,65.98391666666667
34,26.442958333333337
40,28.359380952380953
26,25.862541666666672
8,9.794500000000001
109,70.31375
19,24.777932539682542
35,30.740547619047625
10,9.995833333333334
104,76.00541666666668
32,30.651130952380953
93,76.89041666666667
8,9.925833333333333
17,23.592480158730158
84,76.69708333333332
5,9.245833333333334
20,21.091738095238096
30,29.582416666666667
26,29.218416666666666
89,73.28708333333333
9,7.9383333333333335
19,20.180404761904764
5,7.775
17,22.63590476190476
80,72.03375
25,28.803416666666667
13,18.66
69,63.77
7,7.0775
26,27.014499999999998
23,25.1345
10,15.722073643410853
5,4.91
58,54.98
8,12.74
5,4.917333333333333
48,48.299814814814816
21,24.13
9,13.156407425907423
8,5.7644761904761905
44,47.09
16,21.465
38,44.20922222222222
8,9.716621320346318
4,5.7371773399014785
17,16.267
40,43.59936507936508
8,9.591855053718211
6,5.872982895457033
14,15.94466666666667
42,45.04553174603175
13,17.12066666666667
3,4.83034126984127
9,9.845093148956305
4,5.010809523809523
20,18.289333333333335
12,11.442000000000002
52,48.13690476190476
58,53.44916666666667
13,11.976055555555556
4,5.436285714285714
19,19.01666666666667
76,63.47
19,15.497611471861473
6,6.616031746031747
24,21.666666666666664
92,90.33
25,25.2495
5,10.135
24,23.590833333333336
34,26.173833333333338
11,10.365
23,23.502309523809526
108,90.63
38,25.758499999999998
13,10.8725
45,23.93730952380952
116,89.01
26,25.207684523809522
10,9.773166666666667
101,82.46799999999999
33,22.383499999999998
116,86.20133333333331
28,25.43310119047619
41,25.6015
15,9.567833333333333
115,89.09633333333332
26,24.79702976190476
42,28.234547619047618
12,10.088833333333334
12,8.793833333333332
27,24.465696428571427
38,28.597047619047615
105,86.29633333333331
104,83.64299999999999
28,26.442958333333337
36,29.90421428571429
14,8.1655
38,28.359380952380953
10,10.355833333333333
21,25.862541666666672
110,87.6675
8,10.259166666666665
23,24.777932539682542
40,30.740547619047625
109,92.5675
18,23.592480158730158
7,10.015833333333333
102,100.3475
39,30.651130952380953
17,20.836738095238097
33,29.582416666666667
95,93.6175
7,9.195833333333333
48,89.3675
7,8.203333333333333
38,29.218416666666666
19,20.180404761904764
19,22.63590476190476
34,28.803416666666667
5,8.05
68,81.3875
80,66.73
31,27.014499999999998
10,6.8575
16,18.61
9,15.7075
5,4.66
66,60.0
26,25.1345
4,4.885666666666666
11,11.2375
56,53.15
28,24.13
8,11.723074092574093
4,5.096976190476189
49,51.72
22,21.465
8,8.609573701298698
38,43.824222222222225
18,16.267
1,5.484677339901478
8,8.076474101337258
5,5.671316228790367
14,15.94466666666667
39,41.62436507936508
16,17.12066666666667
10,9.257045529908686
3,5.10034126984127
46,43.750531746031754
10,10.141
52,47.55190476190476
4,5.1508095238095235
19,18.289333333333335
6,5.531285714285714
62,52.68916666666667
11,11.761055555555554
21,19.01666666666667
7,6.867142857142857
17,14.97622619047619
18,21.666666666666664
67,61.67
20,23.590833333333336
84,93.25
27,25.2495
9,9.975
100,94.82
33,26.173833333333338
8,10.375
24,23.502309523809526
34,25.758499999999998
25,23.93730952380952
106,91.72
9,10.8425
10,9.883166666666668
97,84.148
30,22.383499999999998
26,25.207684523809522
19,25.43310119047619
38,25.6015
100,88.44133333333332
12,9.811166666666667
11,10.330499999999999
41,28.234547619047618
24,24.79702976190476
103,87.01966666666665
24,24.465696428571427
5,8.978833333333334
37,28.597047619047615
97,84.50966666666665
21,26.442958333333337
97,80.63633333333333
12,8.303833333333333
38,29.90421428571429
42,28.359380952380953
20,25.862541666666672
99,84.23083333333332
7,10.2775
37,30.740547619047625
18,24.777932539682542
100,88.2275
12,10.059166666666666
24,23.592480158730158
99,90.6375
15,9.839166666666666
41,30.651130952380953
9,9.235833333333334
37,29.582416666666667
89,88.5975
18,20.836738095238097
9,8.063333333333334
34,29.218416666666666
23,20.180404761904764
85,85.7275
15,22.63590476190476
11,7.71
30,28.803416666666667
83,79.1275
17,20.606829365079367
9,6.54
28,28.28592857142857
80,71.535
9,12.876123015873015
27,26.970928571428573
71,54.85
8,4.695416666666667
61,54.37
7,9.734124941763602
4,5.038064509564509
26,23.59
3,4.877861874236873
22,21.59
47,49.2785
6,8.241814762344033
40,42.20765151515152
8,7.178334266324246
5,4.232135992789311
18,17.274710678210678
5,3.8411587827809317
4,7.615913500348655
41,39.08361976911977
13,16.723128187728875
5,4.07293656055871
44,41.81798484848485
5,8.02235195272094
17,17.033206470557154
10,2.830851382451792
50,43.3575
10,8.244691938331828
15,16.89401323384218
11,11.425758340424448
21,17.593116408445358
55,48.025
3,5.9
67,57.43
9,6.82
16,15.929522144522144
25,23.08049891774892
25,21.01447463460571
84,73.21701803844067
22,19.230771248903597
12,5.67
11,9.073611111111111
31,23.82990245813719
110,81.88697849477612
29,24.794940172837947
111,83.48397849477612
36,23.429506495404272
27,24.96960317650095
11,8.935785714285714
94,78.97547865141773
32,23.18118254158032
20,7.891936507936507
22,23.31810614575392
15,8.780873015873016
21,26.986524256001257
36,26.744239346466347
106,80.62422535761007
34,26.669567268544274
13,9.443492063492064
24,27.409407733634733
107,81.18060630999103
22,9.554841269841269
117,80.18547932586407
38,24.791685289412285
43,26.313729384206386
38,24.458595276218617
22,8.950674603174603
121,76.86605818267118
34,26.715889371012715
110,79.08900232186532
26,22.2695283855929
10,6.872619047619047
35,23.7856746837392
112,87.04880354428182
40,26.79640417794765
15,9.753380952380953
25,25.849409923409915
105,92.06324798872625
22,31.570812118437114
40,29.611607412621478
14,12.67
12,12.050000000000002
20,30.660145451770454
97,88.54908132205958
38,29.41719832171239
11,12.390833333333335
28,28.837970718050425
89,82.59299798872624
17,26.24779566185448
30,26.390511843591558
17,22.61933678739561
85,79.53575226223053
9,9.565
16,18.81138492063492
79,71.055
9,6.7
28,24.83927221462747
5,6.611520562770563
14,13.88337904731785
69,55.43
30,24.57996160856687
8,10.153988037001698
55,52.531000000000006
3,4.973850223850223
23,23.31
48,47.481833333333334
18,21.03
4,4.637027625152625
5,8.638145451221671
17,17.201702075702077
38,42.605008658008664
7,7.612616866349173
1,4.878987509328328
15,15.634564029664716
40,40.28314357864358
7,7.725660935931554
6,4.531658345717995
9,7.949975325374897
16,15.728808979159664
46,43.60434199134199
6,4.68650072719273
16,16.070210980539926
6,3.6057564581767214
56,49.7525
7,8.85958182380867
8,4.449090909090909
62,51.942692307692305
12,11.615366183561703
25,16.87739779372674
4,6.7
72,58.43
17,19.39242748917749
17,18.237855477855472
5,7.39
25,22.145468218600566
27,22.947819872700947
83,72.2737181648327
12,9.1415
26,24.885447079768024
95,82.0991272836168
24,23.6299623953703
97,82.4131272836168
10,9.542119047619048
30,23.357038654859597
23,25.60908230565326
88,76.83650839263936
9,8.874436507936506
26,23.375291679612623
20,24.426127526156023
100,76.80176700359362
24,26.177883243240966
8,8.113039682539682
32,26.386073537223705
13,8.97215873015873
32,26.00538280471061
27,26.563485620395976
90,77.70133843216504
21,22.3673983465587
89,76.92408085640747
9,11.17934126984127
31,24.728458340286146
11,10.002952380952381
17,22.3367250000317
84,75.90532637988126
31,24.93703499375915
19,21.31076170025957
10,9.190714285714286
32,23.384527793443112
92,78.29483004288494
15,9.52885119047619
18,24.153979104229098
98,85.71743999116825
31,26.252871177451414
18,8.029458333333332
98,86.40813046735875
19,25.108975996226
34,27.47341610284193
86,82.75421380069209
17,10.101458333333333
17,25.000352807820203
31,26.845507011932842
82,80.02599157846986
16,21.317917436818654
28,26.67278021302168
15,9.230291666666666
81,77.11707918530746
23,26.240014520380996
12,9.190083333333332
12,21.950956855733075
27,23.70260554796081
70,68.445
7,7.67
11,16.642536435786436
25,24.178294941900198
9,6.101520562770563
62,55.40333333333333
10,14.874545713984519
4,5.221219271469271
21,21.76
11,10.832403527226012
52,51.711000000000006
7,9.228747844541184
18,19.583833333333335
4,3.9551373848459757
39,48.4941862745098
34,41.956147546897554
5,7.1576721173525755
11,15.363841648772686
5,4.1384132796112825
34,36.70092964138409
13,14.872700716732439
8,7.078137272408356
2,3.390916228333061
40,39.49882069477515
8,15.234140110671833
7,7.5473090694150935
4,4.154658175029094
14,15.008542112052094
5,3.7614695751891105
39,46.12991666666667
7,8.243849279747806
12,11.658195892500107
9,5.729740259740259
47,49.13388278388278
15,16.838375066454013
17,14.951100069521116
50,56.33
8,5.313863636363636
15,18.499238095238095
22,20.299654040404036
14,8.07
58,80.90487551472917
18,21.02392452567324
10,10.60759523809524
19,22.026857070412028
14,22.138897671115675
61,83.77119342367536
18,22.097954725172727
59,83.70369342367536
13,9.552714285714284
15,22.941989679983998
21,22.93224774319961
15,22.312082930300924
9,9.842865079365078
55,76.50155108392447
58,78.2868633682585
16,22.7859908807734
8,10.7119126984127
16,23.317412187178576
11,11.380055555555558
11,23.3347152174816
13,22.88227064267817
56,78.65353003492515
11,22.051322610088995
9,9.951442612942612
15,23.66700549116301
50,77.06315701905216
15,21.51865272306545
17,23.218252270806133
51,73.57622072434411
9,8.814942612942614
16,22.792561746418237
15,21.067245110210468
7,7.76773482073482
62,75.0164149029725
59,79.91205541047117
13,21.016671744921744
6,8.404611652236651
19,24.50077774310799
22,25.217886438062273
8,7.2969330808080795
64,80.31627763269339
14,22.421237900987897
4,9.080599747474746
16,24.625886438062274
61,80.74405541047116
11,22.613614712582102
7,8.232599747474747
16,25.30471478099631
60,74.62944745592571
14,20.385211296467777
19,25.561629463535994
61,69.3144575569358
15,20.688679286810768
11,7.181558080808081
5,9.1175
14,21.362617452722716
11,15.712607864357867
47,63.03
39,54.23333333333333
15,21.26664017999545
7,12.79400375594256
6,6.081520562770563
13,19.3785
4,10.584600718923205
37,48.01947222222222
6,4.181866096866095
4,5.2044570096656
34,41.093343137254905
6,8.985191067984408
14,18.91316666666667
2,3.1150706138116093
4,6.791786361213687
13,13.034670597601632
26,34.874333121127236
10,12.48413284016456
27,32.82662182937039
3,6.572887789013152
1,2.6094907939506227
28,32.6891557399043
7,12.501466173497896
5,7.069316620651922
3,2.5774642281134357
8,7.546702004186335
34,33.25475
12,11.123058651068632
4,4.058317916540741
33,38.969049450549456
6,7.101406926406924
9,11.878987559166774
11,11.524618933697882
9,6.0005303030303025
10,12.36238961038961
45,43.845
7,13.662182820103869
16,13.13312742606572
51,47.088718181099765
8,15.710067206486153
8,6.66
8,8.062166666666666
7,15.858579951910663
56,48.39985706998865
20,13.091370205474137
8,8.602166666666667
14,15.7211728047063
60,48.25578014691172
15,12.602600197668641
11,16.338809073050115
9,12.858833333333331
17,12.405465277033722
53,46.23642294486026
16,12.492825666644112
8,13.261666666666667
54,45.822842030676405
10,16.286309073050116
19,12.488407917726363
11,10.454809523809525
48,45.22413323946761
10,15.563488693429736
10,15.188607741048786
8,8.26447435897436
49,44.756151637736004
21,12.798957446628833
8,9.087807692307692
51,44.23593393438672
17,13.173499113295499
9,15.133669365698644
57,50.17547222222223
8,9.03340293040293
18,13.928283364175336
15,20.11057306384588
20,17.01427446860471
4,8.597303571428572
9,39.60304781329782
57,56.140872549019605
8,55.624931002331
6,7.841065476190477
56,57.55982889822595
17,20.532857709437952
8,11.539375
10,53.74647448059186
18,20.69956283764309
61,61.380864612511665
18,20.187118050928998
11,26.60890605514047
3,10.107541666666666
63,59.189197945844995
12,23.71399263522705
18,19.55099701918296
6,9.616464285714285
58,53.22528571428572
11,18.09488816738817
22,18.28186348446875
9,10.4275
56,52.02
7,14.568387891414934
22,18.250052878408145
4,9.144853896103896
46,45.0975
5,5.464682058682058
8,11.21385410720159
16,16.816499999999998
38,37.71680555555556
14,18.356166666666667
38,34.927843137254904
7,9.598098859905134
6,5.984431392137276
4,3.68961609578208
4,6.7628075992349235
16,12.344027740458776
31,30.833904549698662
7,6.5048345922099555
13,12.63065664968837
33,30.454383734132293
5,3.139285852972393
12,12.739323316355037
42,30.5684176446662
3,3.100987603302183
7,7.026661317621618
16,12.273415793925778
48,31.77975
6,4.223219521383006
6,8.345921399223666
21,14.025476076555027
12,11.156141980038301
56,36.12304945054945
6,6.065603535353535
7,5.167472943722944
65,40.43
10,14.004580511301558
20,13.981913419913418
84,43.97563215163214
8,5.98
17,16.662047811674626
23,14.677877775398933
14,6.013
19,16.84871093303898
101,47.104382151632144
33,14.474920053554214
27,16.80565672701109
106,47.439930991681
13,5.398
30,14.265502986925192
29,13.89720428562649
94,45.97187934518509
18,17.340404106466014
11,4.953
32,13.923564675236879
27,17.23268982075173
101,46.24092938338218
9,5.8
8,4.793333333333334
103,44.311887258840045
36,13.86517073584294
18,16.501869441131355
36,13.957136931412073
18,16.28686944113135
7,5.835748168498169
93,45.138875354078145
20,16.433617573717722
8,5.950748168498169
30,14.908494976145123
89,45.7209208086236
96,51.09513888888889
10,7.722581501831501
24,19.56236108181346
29,14.653932529036961
100,60.27145588235294
36,16.6872697515345
25,22.481702666715172
5,9.130982142857142
9,8.223482142857144
33,19.134230394205666
93,59.83295588235294
22,23.472291396767375
8,7.841958333333333
22,25.22219084123918
34,19.367299425129673
89,64.1078487394958
4,7.4492916666666655
89,63.85551540616247
20,20.432923566706577
31,19.705974888535835
21,21.416965892645965
7,9.123714285714286
83,60.77250793650794
36,19.372052574738515
5,7.505833333333333
75,53.9
36,20.116371187549984
16,19.83333658008658
9,6.547383658008658
28,19.618060581489377
71,45.0575
12,12.281393019620062
55,42.22013888888889
4,5.760170620773562
24,18.371499999999997
9,10.697698968861669
9,9.377067928842386
7,5.480917143314204
20,17.783809523809524
47,40.95034313725491
43,34.86400623126746
15,17.68898805791909
4,3.7633984670056275
8,6.810244133561435
18,16.522065521518293
42,33.864182431228414
7,6.5106044598698
4,3.1826225587502757
5,7.04122239407267
43,35.52538300842898
2,3.4697296682547742
17,15.55178245675697
9,8.023442416303036
6,3.948156752280763
22,15.637215242712134
51,43.70717366689038
6,4.68429537129537
12,11.674228936560041
61,47.51474242424242
20,18.57685092216678
17,19.032751105316965
65,54.3275
10,5.246222943722944
16,13.816997177968226
27,20.781384384409993
9,6.595
16,19.048423827239418
96,71.28243894798987
31,23.673628291083514
24,20.26046074085588
13,8.968
112,78.70194914654543
35,24.73762566483228
27,20.55939279317364
24,7.760777777777778
109,79.9847622096085
10,8.18673015873016
102,79.1481316179779
35,24.701931424861726
29,20.160069504481978
13,8.698730158730159
113,80.92071882407245
34,20.1970707254832
39,25.125779338536695
12,11.283111111111111
27,20.1970707254832
37,25.325830475630124
115,80.92371882407245
23,19.83003446819485
40,25.192039827839476
9,8.572775946275947
127,79.06622933659517
35,25.176638042125187
14,8.467252136752137
29,19.31174714701603
134,79.23372933659518
41,25.149865646417442
22,17.6815321038245
9,9.181252136752137
140,81.71586498457292
23,20.493427736650215
41,25.936940320530635
6,9.91800992063492
136,85.60980442680747
39,27.048418540567667
10,8.858565476190476
126,86.01041235099177
17,18.978591474018106
36,27.918082179852917
114,82.59061763985497
10,9.936875
13,18.585080384579385
22,17.884332914983577
104,81.59255268580318
12,9.294208333333334
33,26.588739643036483
17,18.31288201029738
95,74.46441267687536
41,25.286894702301836
7,10.212047619047619
38,24.729412334311714
87,68.13166666666666
6,6.694166666666666
16,15.268240259740264
26,25.284084571388362
81,56.05357142857143
13,11.433976352953394
7,6.427383658008658
6,5.9109970276999695
22,20.1485
65,53.319373737373745
11,10.548298614829736
6,5.87006897859151
57,48.91317647058823
6,9.186310355472186
22,21.563142857142857
15,19.540453425884458
47,41.44888898171702
5,6.879157903672195
5,5.231566824422014
6,6.557397907163247
4,4.529159761525389
46,38.30995232946223
17,17.715835904436503
8,7.096515841366117
3,4.134905370224425
16,16.286301757424095
53,40.761430507330104
6,4.299057626099193
19,17.41225306189778
59,45.03819747641419
8,8.569584884945506
6,4.638491258741257
67,49.13717099567101
20,10.753775362356466
23,18.83679133875502
25,11.818852401777782
78,59.6275
26,20.116774337640194
5,5.766942640692641
27,21.0046723461063
10,7.295
24,18.30853144780978
95,71.32774579800261
114,78.83336880133528
24,19.55019267846882
30,23.68466625277982
10,10.300055555555554
20,19.84912473078658
13,11.422972222222223
39,24.776441404306365
111,79.70768186439835
24,19.536468108761586
38,24.770747164335813
97,78.45876952673602
7,11.24225793650794
107,80.51731789586236
9,10.172174603174604
20,19.543469329762807
42,25.16459507801078
25,19.543469329762807
9,9.854305555555555
111,80.37590817364014
39,25.36464621510421
13,8.60524603174603
38,25.23085556731356
104,79.52296358570776
20,19.176433072474463
102,79.34939991049409
39,25.215453781599273
27,18.714145751295643
9,9.37525
104,81.10314394814628
39,25.172848052558198
7,9.238916666666668
25,17.319951993332296
39,26.03729746338778
22,20.631706568033888
105,82.62381135277793
12,7.962736111111112
17,19.312642831157703
42,27.14037092152005
8,7.556438492063491
101,84.13852175331469
16,19.464846027433264
8,7.7150099206349205
95,82.32608418503503
39,28.133701227471967
6,7.81300992063492
93,81.87449145320547
34,26.88496959291117
19,17.751764099897738
34,25.515124652176528
17,18.415685489583833
88,71.9577332532394
8,7.449119047619047
84,68.25666666666666
37,25.289507572406954
9,9.242666666666667
13,13.780490259740263
65,59.56607142857143
31,25.273394095197887
8,7.206279761904762
10,10.290814015291057
26,23.281999999999996
7,5.932305330508272
55,53.261373737373745
8,9.694071268607352
22,23.07625396825397
6,5.3882074732238125
8,8.911202529474652
45,49.53295028011205
6,4.785662774038945
44,40.93703139003334
5,6.973328864805495
15,18.928540727471756
40,37.81016183734564
5,6.613040315136151
20,17.123530348880944
8,4.912255027767725
49,39.46849715807066
2,5.029075101165599
17,16.047448582820923
8,6.9215179213209055
51,45.12019314740986
19,17.07934433173905
6,4.693466653251402
7,8.422883586244208
58,48.39559523809525
22,18.358263560977246
7,10.590460360107256
6,4.559649988899988
19,20.23321878208464
71,59.4475
14,10.793519068444452
8,6.054442640692641
28,21.045915641125458
18,18.209408444376432
10,7.133333333333333
104,59.81326960752641
114,74.74870178047026
21,19.316545865511667
9,7.730138888888889
31,23.497931945690944
38,24.58970709721749
112,78.20855819723845
23,19.587700140051645
13,11.212305555555556
31,24.6256795239136
98,76.48172089565115
8,10.199237373737374
16,19.31671018469332
43,25.0455791617265
110,78.27924870200694
13,8.574356187929716
17,19.386453606022947
107,78.75108897978473
36,25.24563029881993
22,19.386453606022947
19,9.13540056022409
23,19.05476366908092
100,77.53402340173135
10,8.385031512605043
36,25.11183965102928
101,76.88928548409343
10,8.180612320685851
23,18.659083490759244
32,25.096437865314993
36,25.061332136273915
106,77.62492502740956
22,17.150723066129228
6,5.652886363636363
8,7.176189935064936
110,80.86641850363044
43,26.054440320530638
15,19.445617282319603
40,27.083763778662906
108,86.64616990709328
8,8.651438492063491
14,18.58472021211009
15,18.173931344893585
9,6.126414682539682
95,85.51045852928979
33,28.034951227471964
88,84.57665151174595
32,26.982126684008477
15,17.47509696637766
4,6.5342321428571415
88,75.4327251236878
36,25.502281743273834
16,18.24635168939709
9,8.173071428571427
8,9.372666666666667
16,12.8958354978355
84,67.90816666666666
33,24.473705985105376
73,59.09107142857143
9,10.878066566661255
6,5.602621867167921
25,23.814759174562973
59,52.37087373737373
3,4.306918606121547
9,9.642743374279457
26,23.459666666666667
4,4.491646145662485
20,19.48811111111111
9,9.07004729956942
48,49.46283123249301
6,6.955482710959342
43,40.77558881300252
18,19.192245310245305
5,4.4192980744110875
5,6.589360827956664
18,17.629254772924337
2,4.581742410540226
38,38.85853527763084
20,16.400530149721458
45,40.164364104849376
6,5.056895086835718
8,6.851428655688877
52,45.603435571652284
20,16.943290978004665
10,8.397551855474978
4,5.343286035597642
54,50.86269480519481
21,17.422009592723274
4,4.558734784221625
11,10.763333375980272
7,6.7394426406926415
11,11.88005988220585
22,18.513595766211623
67,63.94
85,75.07264824686095
5,8.718333333333334
24,20.922582307792126
17,17.86313860310659
100,82.73661069841204
25,19.370910944876744
12,10.004305555555556
30,23.511931945690943
102,83.76079064459198
33,24.58970709721749
22,19.642065219416725
8,12.25563888888889
11,10.721737373737374
32,24.6256795239136
20,19.3710752640584
94,79.13359221067297
33,25.0455791617265
20,19.440818685388027
15,8.713439521263052
100,81.01036515232823
33,25.24563029881993
64,19.440818685388027
14,11.541817226890757
99,81.94757943804252
90,81.12984439530749
46,19.109128748446
10,9.557364845938373
32,25.11183965102928
31,25.096437865314993
86,79.34534042705353
10,9.715612320685851
35,18.71344857012432
7,7.092064935064935
37,24.797224993416773
94,82.72421785774465
28,17.426956832362993
96,88.89082991584615
26,24.966236007066197
8,7.1225649350649345
36,26.28345334127895
31,27.590342788977217
90,90.20468008648425
25,23.118475878890692
11,7.548257936507936
32,29.027769415275458
80,88.54968238389445
23,20.679815972085763
9,6.951662698412698
24,18.985678258016495
7,9.287
30,28.804357534312864
79,87.90040460611667
9,7.78502380952381
15,17.62137450621274
25,26.147996603576924
75,80.44953558295478
6,5.973291666666666
15,15.83356990068755
27,24.257928207327595
65,71.3825
60,59.73107142857143
14,10.526195715290406
8,5.025046109592163
26,24.2065925078963
2,4.266521170224113
10,8.7802911663344
47,52.32887373737373
21,24.85466666666667
3,3.860528874577877
9,9.110344790755642
37,48.722331232493
16,20.83511111111111
13,19.080408008658
7,7.059160386406626
33,41.46828203644574
4,3.685892241133313
4,6.652621836737279
29,39.0371375364831
15,17.736954989374553
2,4.0521169297812945
13,16.224063699505006
6,3.7866777385216817
30,41.09025496399024
6,6.936111597227811
9,16.82715786112155
8,8.19420661737974
34,45.69176890498562
3,4.410238903788807
12,11.576602759374653
42,50.486028138528134
11,17.41495006891375
3,4.880734784221626
41,60.06333333333334
13,17.228452909068768
17,12.386009016404987
8,4.700109307359307
53,73.0319642857143
17,21.22379262525244
6,9.229833333333334
15,18.784035145061956
8,8.28025
58,79.46976681210946
19,23.589404167913166
15,20.04940968553244
59,80.2827112565539
4,10.43225
26,20.664492531500986
21,24.63744598610638
19,24.67341841280249
58,71.2708171898363
14,9.549181818181818
15,20.0560105126506
14,8.77159825142178
57,74.23988978554125
14,25.040164010211345
15,20.145845814322108
10,8.664749766573296
16,20.145845814322108
15,25.19478181397144
51,74.62928372493519
9,9.736964052287583
19,25.06099116618079
53,72.61923915839061
15,19.81958649938965
12,8.53968374925728
17,25.04558938046651
57,71.19906058696205
17,19.46102107516633
57,70.03218331423477
16,25.02023365142543
7,7.530160173160173
15,18.602081222539706
15,22.714194787129955
11,8.494660173160174
58,74.41531715506716
21,25.552368526049108
65,75.76620604395605
17,21.523072754192544
8,8.474575396825395
16,27.561304192234775
60,74.2899123931624
6,6.983146825396825
15,27.93429035348757
15,20.849013591133385
17,20.81242184776009
10,8.166666666666666
20,26.372433347388668
61,73.48282905982906
16,19.162403810242044
12,7.396690476190475
17,24.2006279722083
58,67.00703174603174
13,14.944314406182054
54,60.4425
6,7.171458333333333
19,22.673718250617636
44,52.305904761904756
5,5.911474681020734
6,10.245705519211974
16,21.41865744296124
5,3.2632122936091843
5,8.49218861745532
35,46.32554834054835
12,22.394357142857142
9,8.015743006743348
14,19.394242424242425
32,43.25236206277383
5,3.468356249518395
5,3.512429014546838
5,6.953236010759045
24,35.25455419998959
14,14.81451592851593
6,4.304298188779759
13,12.59207158582159
4,6.4661591813182975
27,31.84273331003086
4,6.729108804076277
11,10.648571585821587
28,32.13984608327412
6,3.840733049947309
4,3.7499614707277056
7,8.23370661737974
13,11.320348040848044
31,35.27530574396364
8,10.81379981136481
14,12.334963120213121
38,38.07643864468865
7,4.958091927078769
9,11.63135295351363
11,13.075284548784548
6,3.7697380952380946
44,46.02333333333334
11,13.678879573356136
11,13.031984296247622
6,6.062611111111111
50,45.56570707070707
9,14.27453510192343
17,13.995032987590116
7,8.530166666666666
55,46.867135642135636
17,13.899731754912017
14,14.049356158797327
8,5.3305
58,48.15237373737374
53,43.12059992784994
16,13.262454508792263
6,5.074591880341881
13,13.444471699423545
50,41.64525721500721
9,13.363157474432851
5,7.517374708624707
16,13.28658138655846
7,8.041374708624707
17,12.651990694360496
50,42.08125721500722
11,11.890496891723506
12,11.461375847537802
17,12.591202739757883
54,40.894733405483414
9,7.676291375291374
11,11.680025407655105
19,13.407366313639198
9,5.643
51,41.408566738816745
13,12.378665271059672
66,47.802472222222235
7,4.008333333333333
21,13.85321299310352
11,5.406166666666667
10,14.385004357298476
75,55.034878787878796
25,15.058295761714493
13,17.32744973544974
8,8.071166666666667
75,54.41163636363637
17,16.51850304462766
14,16.075239778739782
8,6.635666666666666
71,54.28413636363637
20,15.700014787786461
7,7.448499999999999
15,14.583653929403932
69,53.85663636363637
23,16.48665935672515
17,15.793996658312452
70,54.3519696969697
11,14.561621822621824
8,5.359500000000001
18,18.058387827858418
59,46.3925
10,11.900801668919316
4,8.436220238095238
16,17.40787572150072
9,8.774916161616162
46,41.353
5,7.0293080143540685
5,8.186892996409696
38,37.017643578643586
3,4.237155701032234
15,18.213857142857144
15,16.15809956709957
40,35.35243371248635
8,8.002819722180883
4,4.796874700599709
3,4.944499143094107
7,6.663270071273357
12,12.490963980463981
33,33.43625491594031
6,5.863215407212238
33,29.21414325640632
4,4.983394400967101
15,11.927055352055357
2,4.747049183896459
40,30.011695423588975
15,11.426876780626785
7,6.044642380664482
4,4.472565949148642
50,30.46805782521572
8,8.02865228837541
15,11.862375457875464
11,9.015678626993623
56,36.234152930402935
6,4.977675260412102
18,12.728113553113555
16,11.126022367433047
70,44.63333333333334
6,4.228821428571428
24,12.359649267399268
90,50.01212121212123
30,12.919159842665424
7,7.002756132756133
20,13.064912262631085
117,50.203549783549796
35,14.01529824059763
7,8.330168831168832
24,13.981967021597606
13,6.904002164502165
31,13.593015351198778
122,49.841287878787895
30,13.1532242806468
106,46.79829184704185
28,12.882898207842311
8,6.10990356865357
32,13.02992430725432
40,13.18129360926294
24,13.064909740427373
116,44.84799747474748
13,6.076995920745919
47,13.120042549654608
10,5.012912587412587
28,12.408672123640995
119,43.859306998557
16,4.920329254079254
115,43.51544985569986
40,12.987503623801024
21,11.890224350628566
38,13.854500531015674
22,12.141492958364916
11,3.8024722222222223
111,44.657056998557
18,12.5690795256504
40,14.165043914360913
9,3.2841666666666667
114,50.966
120,55.23503030303031
10,6.520166666666666
21,12.850738484282601
42,16.273847654266383
18,12.431058770858773
7,7.074138888888887
37,16.134183508608118
107,55.00003030303031
105,55.072530303030305
40,18.49964177191344
21,12.608398814148813
8,5.457416666666667
14,13.497487262737263
11,6.354416666666666
94,55.07503030303031
40,19.385750626566413
91,54.11121212121213
11,6.461722222222222
35,18.144115705931494
17,13.618816267066265
8,7.559553571428571
81,51.65428571428571
35,18.843554494525087
15,11.90333341495106
10,7.734284126984125
75,44.604000000000006
28,18.181042388167388
9,5.92134805764411
24,16.136714285714287
4,4.451743639936527
11,7.7256413206366945
60,39.19177128427128
21,15.569169230769232
50,38.109884372937
3,4.75138781598992
11,7.320402842756745
44,37.39797147192817
20,15.758093743756245
2,4.734093145380906
11,6.7893376339407725
39,37.023418053097046
16,13.783168862759624
5,4.841427665085861
6,6.152943143039828
17,13.514192672283434
7,6.349370116492071
50,38.38388065706515
6,4.689582079057319
12,8.115695630086272
55,43.32243505471138
21,13.917793926906429
7,4.515015788954895
11,9.472589160904157
63,46.28964542475069
20,17.12750692268258
3,3.8441212311080735
70,52.4485
8,5.827133838383837
16,11.19934054925123
20,17.39648527766094
93,60.52118849206349
32,18.425600863670475
7,6.687145021645023
22,15.141009376726046
22,16.46500804763648
115,63.36241071428572
8,6.433224386724387
36,19.10052166426871
10,7.675605339105341
45,19.00730737855443
117,64.29157738095239
22,16.419119463997895
34,19.071307378554426
9,6.739173409923413
102,66.47732738095239
27,16.248952797331228
116,68.93941071428573
42,19.456924770965937
26,16.100713046885595
12,5.661126873126872
10,5.200162587412587
38,22.342925589461483
106,71.77955357142856
22,17.36759758369051
20,17.803153139246064
14,6.801912587412587
42,24.32144085797675
107,68.63422023809524
105,68.2095906084656
25,18.097633531402927
11,6.694055555555553
47,24.787230773943136
112,18.443256942305748
19,5.731916666666667
41,25.89766491916079
119,78.4009775132275
114,90.04231878306878
13,7.578869047619048
48,31.34471390100651
69,21.295839628837587
48,30.706748316590932
7,6.101091269841269
110,87.1965687830688
44,20.19260578928533
10,6.312964285714286
41,31.372032860340955
98,84.74073544973545
39,17.565706994315246
10,7.659583333333334
38,29.717560876808133
96,81.17140211640212
31,15.515781344773215
33,28.787009289506546
7,7.230888888888887
90,74.76635846560846
30,15.4714114695504
84,68.40495238095238
36,23.6901775103981
22,13.809221249338897
7,9.961428571428572
32,21.070332070707078
6,4.400514724310776
73,54.89526090576091
16,11.543362493062489
25,21.628833333333336
6,4.295337555280444
55,51.19186904761905
13,7.518275666682806
25,18.75003236763237
49,44.49879583647346
14,7.507801896317562
4,4.918753977606082
9,6.781899746847099
3,4.690319344182106
17,17.412401394438895
39,39.3688852155375
10,6.205682431711565
5,5.095970744837123
15,16.846121416755906
45,38.352582605284766
3,4.946486870678272
14,16.67022855961305
46,38.978411176618835
13,6.340249665743021
20,16.93642440238211
17,8.270336072976715
5,5.6679429428540935
55,43.55871752224384
58,48.12122875808402
21,17.985781931987006
8,5.70653789777474
20,9.595089160904157
69,57.659547619047615
25,17.82919751640259
6,6.019419552669551
26,11.634231143950645
29,19.975240471185483
6,7.9275714285714285
27,17.847730510009896
91,83.60387658819509
106,87.57512257257635
12,9.03764502164502
34,21.229422418484905
33,22.135189666255677
33,21.948237608729443
41,22.695962347505393
111,86.29929717575095
11,9.304676767676767
30,22.467443977934575
95,85.46920482365859
22,7.73919660894661
39,23.03400850237391
30,24.082256686549584
17,7.734218253968255
109,88.15343260887572
41,25.58395481264326
107,89.10630165649478
11,10.540686507936506
44,26.921681202436194
29,24.69358099721023
8,9.023436507936509
102,87.27366255875044
30,24.36455997865975
37,26.649034426759957
23,24.23037784247761
10,8.28615873015873
102,86.00825087783873
38,26.519425008400546
13,8.736353174603176
114,89.68168341752128
26,24.729828063723453
39,27.985423859550895
10,8.75859126984127
108,93.18079110150394
21,24.431063069612495
44,31.267328902448135
103,92.19449943483731
21,23.300533692264693
16,6.925146825396825
39,31.045079008774564
37,31.021177405338445
98,88.96886848245634
14,7.801603174603174
23,18.384706742116467
10,8.32572222222222
93,88.15345181578967
23,17.7324475258144
34,30.292902613502815
86,77.97615814608673
19,17.261363364877294
34,30.059421287639132
7,8.36911111111111
10,6.358
83,69.58095238095238
35,24.56242171717172
21,15.051195275312923
4,5.085514724310777
29,23.2007601010101
14,12.600385220335218
69,57.550260905760894
27,21.485222222222227
6,3.8370127985627085
53,50.79219047619047
11,7.884475300382441
20,18.96214925074925
50,46.033450598378224
7,7.449535774830357
7,3.5698483729952697
17,17.40959764263514
5,3.7923415406147463
7,6.996175303795999
44,40.44132948789741
10,6.570093587091556
43,39.49870544907324
7,4.820517334030338
19,16.82373829987279
13,16.815226395110884
9,6.731436804642417
47,40.00422449659779
6,5.0105210023127045
10,9.047543351696659
15,18.164608745816448
3,10.314420468950223
51,45.675540621659046
21,18.648164688119763
11,12.072690348554547
58,48.60701080936607
7,5.177746411483254
25,18.260425510630583
12,6.288126817626818
16,11.723120032839534
72,58.65633333333334
29,20.716254360074373
11,6.435858974358974
90,75.79504895616081
23,19.300436021002174
26,21.734437826769437
28,22.401174771509904
13,8.29537701187701
115,82.613502394805
28,22.21910150186245
35,22.86166967498184
113,82.06684209328601
9,9.01327832312615
33,23.214715829850363
98,79.63624974119365
20,22.70514120440092
11,8.788139434237262
8,7.656582647886356
27,24.0255515999695
40,25.556536883350326
105,82.75329593736971
102,83.01386736594114
8,10.992201695505402
25,24.643195355074585
41,26.949835964340956
18,24.314174336524108
95,82.72886625520978
38,26.61718918866472
7,8.140489546543254
9,5.301492063492062
98,82.41651409810761
24,24.16199220034197
33,26.469579770305305
16,24.63969242158781
6,4.107698412698412
35,27.741257192884227
98,83.5829552169303
38,31.50936858498782
20,24.774671280845705
104,86.69918722953382
9,5.134832112332113
39,31.37269561439117
25,23.08985344195945
103,85.758801407023
6,5.376776556776557
91,85.25021527256924
36,31.045460677621712
27,19.627470936255666
5,6.942440476190477
30,30.648878803979006
7,8.459845238095237
88,83.89167641287821
22,18.411458514825387
17,17.898223560237494
87,77.6958201701092
6,7.4161785714285715
35,30.13861176382961
4,7.114666666666666
80,71.16230769230769
31,27.412659812409814
16,15.147938781806433
25,24.698164862914865
62,58.08611804861805
2,5.547467105263158
10,13.708742363192357
56,50.571440476190475
7,4.267283604811841
29,22.307888888888893
10,7.837647636041495
7,8.243324322617775
6,3.9208112154923724
47,45.90073814416578
20,18.362357975357977
5,4.500770104508309
7,7.924112896246684
40,40.69028461859551
17,16.15194334138084
7,7.366459697131831
38,39.86876131237207
5,4.689577227145892
14,15.526548284332772
9,7.473218189793975
15,15.884250665285157
3,4.817277835742846
42,40.631522340138595
18,16.57929715740486
48,47.0273004323263
2,6.875825157665178
9,8.430062406157523
14,11.321592238331437
5,7.318594896331738
52,52.54802565417039
16,18.424241378096447
22,17.856755447360516
13,11.843707054692809
68,58.48966666666667
8,5.557925879675879
11,6.605822742474917
89,74.22708374009031
16,18.834757198190996
28,20.62124200967967
8,6.489568774220949
102,82.14907090889322
22,21.338262750212007
35,22.388717449420227
100,81.39535127455021
10,7.575327228327228
39,22.641664955844767
24,21.574763643642246
13,6.880724329776504
20,21.959915900293264
95,78.49397320817212
30,22.870025587902763
18,24.057885155303055
37,25.37463513232358
9,5.957649866657923
99,82.10008160692104
25,24.932468082347313
41,26.799231804611797
22,7.329205422213479
99,82.12043874977819
34,26.502221392571922
25,24.71803184013161
103,79.67241986515404
15,6.270159939917997
35,26.270481021831557
19,24.53418303728281
13,5.983460284769897
92,79.63136400434819
19,24.998057861703256
104,81.22330096393141
9,7.3286676691729316
36,27.489047333299364
95,85.70430349768048
20,6.814908511663774
20,25.42460506927949
32,31.635940904824846
102,85.06100100850298
36,31.645833590793856
22,6.007625763125763
22,23.608742858098864
11,5.884908730158729
33,31.336462290388035
81,84.92383154071585
17,21.50664814630052
15,20.332026417510935
12,6.248956349206349
29,30.454819089184
82,83.07975696673911
74,77.06565181994084
7,5.809956349206349
30,30.034552049034602
16,20.050001780383358
30,26.498038600288602
14,13.865141884259536
6,5.521333333333334
68,68.45397435897435
6,5.301911549707602
10,13.481936807636803
23,25.998543650793653
55,56.08898168498168
5,4.199183420682245
10,7.805425108568966
22,23.771722222222223
46,49.505495310245315
8,7.920906692684356
13,18.17069130869131
3,4.058365963398783
36,45.802947740125376
14,15.721670170107668
5,4.488883095778293
34,39.932634449758496
7,7.8092575886337325
15,15.14219177972627
28,38.688001153851545
5,4.617088958564617
7,7.551792229432526
7,4.427107372557731
13,14.863382255916747
5,7.670450456768599
29,39.33937329272918
5,8.470269655048984
14,15.588943920772213
5,4.127371833671603
31,44.652262211774925
10,3.8412286073919204
12,17.778712900038556
40,46.51699527722468
12,11.274627952617152
45,54.25802380952381
15,17.701475887051544
5,5.423842546342545
14,13.035485137720896
14,20.774809289621945
9,9.633989409141583
17,19.311677652736453
54,77.01962769613426
4,9.707735440887614
55,86.100783696106
16,21.36052239334665
19,22.518873917951694
14,22.510577251882065
56,83.83656406176299
9,10.254216117216117
29,21.41411244761605
55,80.03885266205158
15,22.797604550606728
4,9.677375123427296
11,21.898613189115554
6,8.48686415237221
54,83.12119824028767
16,25.40295259264104
20,24.388657778105088
61,82.53655538314483
14,26.69678736016735
6,9.19186415237221
18,25.191574038482685
59,80.15091745090163
9,6.326020690278746
18,26.44477694812748
15,25.022137796266975
8,5.340932146241758
20,26.203036577387106
52,79.76486159009578
20,24.828288993418173
20,26.747633779559195
7,6.935155764411027
53,81.10041027129073
13,25.254663817838622
20,28.757901639378083
68,84.01785153297853
7,6.528896606901868
18,26.15898890766333
14,24.597175226899644
12,7.9068479853479845
19,28.158062723615487
69,83.68657682157883
17,27.936474639992884
20,22.563094403990196
11,10.150083333333335
58,81.89508592522026
13,7.626892857142857
20,27.11525007244277
54,80.53262307285524
15,20.8618499645779
55,72.54954925583829
13,20.473230089355084
12,6.657726190476191
17,25.73199096880131
16,14.51825452162217
21,22.01291414141414
12,4.747166666666667
49,64.08730769230769
8,5.303800438596491
41,52.17981501831502
10,13.670467332667327
14,20.413252525252524
16,21.192388888888885
7,4.515182181985355
9,10.025295549239408
37,44.77664285714286
13,18.056739538239537
4,3.3515271268638056
34,39.8519942630469
7,8.64112284597551
4,7.3836288672480075
28,35.42035891883761
12,13.892436868686868
3,4.000790137113357
26,33.34266133788651
4,7.159281593664885
3,3.6983487104777764
13,11.287820562770563
5,7.205482861293999
10,10.933820562770562
24,33.2701516469926
4,3.690127922459041
30,38.54083162227796
4,7.968793464572791
9,10.701459451659451
5,3.625186181888559
11,11.113332662762081
3,3.240895274058586
35,39.18648211932995
15,12.023410617160616
8,4.703596819846819
12,13.161684657499363
38,44.9472380952381
10,15.279986013986015
49,56.10429166666667
12,16.332763981211553
10,6.693903162055336
17,29.68835649039082
49,59.87549079065589
17,15.849010104713551
5,6.522307202459377
12,30.99847034147971
9,7.931621212121212
18,16.128819256135603
18,30.73380185537644
52,62.91920940537449
16,27.831758204582798
49,56.32589988156497
9,7.619438948491124
15,15.798152589468936
10,7.235748684506743
14,25.91059885463764
16,15.676394033174576
47,53.66485821489832
15,25.78639746060684
15,15.634321378367133
8,6.987492551750608
45,54.021524881564986
18,15.680220296116051
4,6.798879858887915
48,55.54819154823164
16,25.6536838242432
15,16.335927345602514
4,6.18548575929537
13,26.244389744449123
52,57.376191548231624
8,6.394777559282822
19,15.89229162502081
14,26.223099456691298
50,57.267888517928604
19,18.675376984126984
14,35.36918246377806
57,61.22553155544666
10,5.904456130711392
17,20.070000125313285
61,65.59386488878
7,8.972516483516483
17,41.433752491411234
8,9.880835164835165
18,20.296062030075188
56,60.61319822211333
12,37.17157630093504
17,28.68190710678211
22,21.354134920634923
6,9.406835164835165
60,61.821531555446676
18,27.91710912698413
59,60.72175882817393
19,21.60344444444445
10,6.734976190476191
48,58.20964102564102
12,21.7483092120298
7,6.147166666666666
16,17.205887445887445
12,14.075998664081014
3,5.887722222222222
18,16.720720779220777
42,44.58233333333334
6,11.452950944637383
39,38.11209259259258
2,3.634505219664376
15,18.651912698412694
6,9.905689253084889
11,18.481497113997115
35,34.8831409774436
5,4.244080691902958
29,34.48075536226347
15,13.443090187590187
6,4.000611506810942
5,7.715750102116093
13,13.620247691197692
34,33.35554919157871
9,7.760470968707193
5,3.657140476928366
38,33.832622834018146
11,7.783507317921387
14,13.479581024531024
2,3.7082592382491804
51,37.719435407381745
9,7.659319203529176
15,13.214386580086579
5,3.420530405194977
54,40.45668907903691
22,11.710829365079364
3,4.35742816146104
11,11.731499329428749
61,48.01640476190476
10,19.511834089439972
4,5.549680153180153
18,14.489749999999999
27,14.79757868448214
25,19.117359652424874
96,50.30770075757576
6,4.5046060606060605
30,18.479847007343263
9,6.15403787878788
34,14.517078291818613
111,51.22724145665655
113,52.62247955189465
38,13.762050514040833
32,18.170525578771834
10,8.363482323232324
105,48.2441282087933
35,14.860252894993216
28,17.333993832740088
7,7.570316942719118
37,13.970478740403848
13,7.245150488258546
34,14.500806979738012
115,47.989866304031395
13,5.641561022169078
41,15.368774258611127
30,14.017826821007855
111,47.815032970698056
37,15.61505347939035
13,6.033964563072619
24,14.501660154341186
104,47.40503297069806
108,48.71651856843366
34,19.345059504990537
40,19.31044884056512
11,5.684237438889613
41,20.15217503104131
7,6.210369630369631
108,55.36308494650004
36,18.7972316661627
43,18.160007936507938
27,21.32027861027861
113,64.21672203163715
9,5.73086963036963
27,23.85030895537211
7,8.9690641025641
107,66.58005536497048
41,20.060154887218047
8,8.146025641025641
40,21.37850250626566
95,63.144745841160955
20,20.502151566355906
40,23.015158730158728
34,20.097393010584188
91,63.20807917449429
11,9.018692307692309
6,5.981666666666667
90,62.15461597103108
25,18.240292000483176
37,22.95030158730158
16,14.882344926315513
78,56.484641025641025
35,20.013720779220776
8,6.6258333333333335
35,21.034220779220778
4,6.426722222222224
73,48.80233333333334
10,10.443415330747685
30,20.378690476190474
4,4.346559422284368
56,41.51523148148148
13,9.859178669526875
20,19.632060606060605
6,4.269064310136576
7,9.603388488348065
51,36.95747431077694
20,13.938772727272726
4,3.804267514881467
8,7.637529197602148
42,37.12961014001627
2,3.6667608066249784
8,7.7724645164077
14,13.375644155844155
42,37.50407875118629
8,7.842643722764751
17,16.534974242424237
5,3.423167305570487
42,38.85597008207762
9,9.29566181073626
16,16.585779797979793
2,2.850703926118498
51,46.91645598583711
13,12.810080158730164
60,51.817326219674044
20,16.81930952380952
6,4.788793240826119
76,58.246404761904756
5,6.622103313353312
16,16.788888851344733
21,17.727809523809526
31,20.953833333333332
28,20.43095238095238
92,74.31073611111111
8,9.31
26,26.37337445887446
102,90.37334208021754
10,10.155
32,24.471333333333337
9,13.791666666666668
29,30.487715686274512
37,27.81255158730159
113,103.10220511533058
9,12.615219298245613
25,29.679617201426026
37,27.360243506493507
100,96.13217068897262
7,12.511885964912278
39,32.55239357864359
107,99.56302225407417
32,30.246426725235548
27,29.95040291571175
14,12.134385964912278
38,32.68875865800867
110,99.52509551414745
6,11.182719298245614
37,30.93190115440116
27,26.907367922926746
101,98.43661138716332
40,29.290787878787878
11,11.51738596491228
24,25.574894757203584
108,97.77944472049667
26,25.042719687175566
114,98.69294472049666
40,29.782411255411258
9,9.757290726817041
24,23.904744911950797
47,33.833246031746036
10,8.102290726817042
112,101.23175821256014
11,8.937052631578949
18,23.68861805313709
41,33.517405636468794
108,100.29391205871397
22,23.364746378406593
106,94.52359931590125
8,8.916
41,34.5157359394991
12,6.587999999999999
39,33.02761111111111
19,21.52990275084393
101,90.78313031268222
10,7.405
19,19.505855492546665
35,27.78261111111111
99,82.98991236103079
84,68.97433333333333
7,6.780833333333334
17,14.380678259648846
34,25.207833333333337
31,24.55616666666667
15,10.159081997414352
71,60.461999999999996
6,6.770198412698412
8,5.186599278497987
62,52.73834259259258
26,23.169523809523806
13,9.451023907622112
52,48.80588095238096
10,9.651730415824183
23,21.83
2,4.3355077230189085
3,4.537485261763132
10,7.663003090668147
43,43.042055911195554
17,16.178443098568096
2,3.7072784092064994
6,7.8185980733392455
41,41.41617779948882
15,17.437800241425244
7,7.872745533664549
4,3.915617084671141
44,43.04017779948883
18,17.613883574758574
7,9.200174825499275
16,19.66874847374847
54,51.36250736428322
4,3.16268617275162
6,3.9559718122546905
10,12.605635714285716
18,19.895490537240534
60,55.93060399745182
7,7.284507159507159
13,13.505115041820927
17,19.980166666666666
70,63.797
96,77.96861489898988
8,10.47457142857143
24,19.3955
29,21.713833333333334
103,88.7989143224357
5,11.531863095238096
22,25.018969696969695
30,25.66635317460317
36,26.285496867167918
26,24.88328637129124
110,89.82424765576906
16,9.46519642857143
23,22.25172649208264
7,8.013218045112781
97,83.85777781449917
30,25.54280783397888
11,8.331718045112781
39,30.54554653516419
53,25.313677704387644
106,87.9141022722052
40,31.113269367887032
37,26.07457239303233
9,8.519218045112781
102,89.39954341439633
100,87.60485476970771
35,31.43681446168212
28,25.64956157052152
13,8.683051378446114
10,8.109051378446116
102,88.15890238875531
40,30.097892855510505
31,23.999733934921828
105,90.79844121659414
39,29.71035164835165
30,22.978947771344586
10,11.578373889268626
11,11.175754841649578
109,94.899035081063
26,25.91744626174308
47,34.63117460317461
42,34.85988976345293
21,28.881178857725786
106,97.25507728885523
13,10.504421508316245
97,95.45217252695045
40,34.70305339981656
14,10.023632034632035
26,28.620517097264027
94,92.95726181266474
13,7.841571428571428
36,33.01776190476191
23,29.63326948051948
88,87.6281626140736
23,24.698935064935068
11,7.372857142857142
31,29.722166666666666
16,20.102242063492064
76,73.83283333333334
7,7.5675
33,29.222833333333334
66,62.5845
8,4.7275317460317465
13,12.093142436974787
32,25.901999999999997
26,25.93
4,5.37630837980838
13,10.123547641504715
54,55.29167592592592
18,20.31
3,4.274200212637497
7,9.754572839092337
46,50.47278571428572
17,15.518891150516149
41,42.010323920963565
6,7.831279973880291
7,4.430850878863674
38,41.058614307425344
2,3.3349634653313194
9,8.294663863855908
19,15.478641150516156
14,16.760629245754245
4,3.5660648508720136
44,43.07998335504439
10,8.514299561491605
17,20.435288156288156
50,50.61911450714037
9,10.61903204203204
5,3.8253727143648684
10,5.279138478921357
20,19.832823870573872
58,54.25003623188405
12,12.709683333333338
10,7.861982683982684
21,20.675
71,62.33866666666666
20,14.41559123229712
30,20.53633333333333
27,21.801560606060608
107,72.92240277777778
9,9.5195
13,10.214791666666667
35,24.049386002886
32,28.809989538239538
115,88.16443765095904
34,24.108005885926936
13,10.599791666666665
33,26.394923859619905
119,92.0276043176257
11,9.799075187969926
38,24.748291600212642
104,86.3203249525463
25,21.9979333081424
39,30.168595236462888
162,24.057555155368036
33,9.555575187969925
119,90.30443837129131
111,90.8970537559067
25,10.138241854636592
39,31.218103783471438
83,24.77323555829844
36,32.83223257135022
60,24.437058069120948
103,87.54347225407518
28,8.660753759398496
102,86.87538892074184
38,31.158348843966493
20,7.802587092731829
52,21.842783685824514
44,21.117263862116555
111,89.11968965334259
39,30.324192918192917
15,10.409896616541355
48,34.230876984126986
112,93.8783271686051
39,24.38505997156267
15,10.020944235588972
39,34.964185550998714
34,27.587621932624742
12,9.639694235588973
110,95.21206634609428
36,27.17340461660743
97,93.1391615841895
36,34.43848555099871
10,9.328904761904761
34,27.751530303030304
91,91.01136991752286
16,7.6935714285714285
36,33.182547619047625
10,7.372857142857142
33,30.507499999999997
27,24.03393506493507
84,85.60683324899425
25,19.971666666666664
6,8.9875
32,29.32283333333334
78,72.52283333333334
28,26.622833333333336
69,60.6945
15,11.988892436974789
2,4.767531746031746
3,4.09939039039039
24,25.98
11,10.485783560175413
58,53.2169537037037
50,51.66028571428572
6,9.52557029759327
23,20.53
6,4.5474838015766705
37,43.75328544241424
17,17.06930357142857
7,5.920926913552744
10,8.438728966789958
6,4.374515282354611
38,41.69164231862981
10,9.007482775506627
17,16.487125
7,5.554494727696876
41,43.78024946148695
14,18.76269642857143
7,9.676002311526164
6,5.360267685458068
47,50.76985260237846
14,12.465096560846561
18,20.144238095238094
61,54.499321946169765
5,5.100638478921358
15,13.970190476190478
16,20.40642857142857
8,6.744285714285715
71,62.85866666666666
19,16.323485171691058
18,22.051666666666666
12,9.453083333333334
87,83.426
27,32.30011111111111
27,20.973000000000003
31,36.70131150793651
29,22.10594444444445
92,88.24133333333334
10,10.123375
34,22.325527777777783
12,10.546946428571427
31,36.510867063492064
96,91.80333333333336
7,9.766896616541354
22,47.38847312409813
87,88.76133333333335
26,22.458027777777783
12,9.526729949874687
30,45.61903661616161
95,118.39183333333337
39,27.509660809778456
31,42.51358423520924
39,30.11543858755623
92,121.73633333333336
11,10.154396616541355
28,41.11805844155845
12,8.729920426065163
82,113.20700000000001
32,30.520962397080044
29,42.473563492063505
85,109.82700000000001
32,28.610930651048307
12,7.915753759398497
8,10.61953947368421
88,111.13183333333335
32,26.56290476190476
25,74.473
94,115.80425000000001
17,10.610622807017544
36,36.85476190476191
27,153.23425
21,162.33125
36,38.48659523809524
90,101.45
17,10.380622807017543
10,9.969833333333334
32,32.48514285714286
19,123.55625
81,89.4442619047619
28,31.619309523809523
20,98.22
10,8.381499999999999
75,87.06592857142856
23,83.05
75,79.12666666666667
14,7.8725
29,27.909000000000002
27,29.69783333333334
10,7.4975
16,46.465
66,68.9
10,25.143500000000003
5,5.212809523809524
54,61.774499999999996
24,27.80783333333334
47,56.2649537037037
12,21.35580324120324
5,5.8140757575757585
23,25.09
42,50.81278571428572
15,19.975
9,15.227672965922963
4,5.768058277238104
33,43.74646004558885
7,13.549978726754341
10,16.290499999999998
5,5.621303035015824
11,15.074607142857142
6,12.473865571391187
29,41.87778517577267
5,4.329988806415091
5,4.574227050929198
7,14.219210809486421
10,15.354940476190476
34,43.39691612815363
36,49.50284394436981
9,18.171666666666667
11,19.891071428571433
4,4.2476388975792805
12,20.144007936507936
3,5.037986963769843
12,17.599999999999998
38,53.08598861283644
16,28.94647326692915
13,19.006666666666664
5,8.47
44,61.49533333333333
16,46.50761111111111
51,69.19314285714286
12,9.195
15,22.80261904761905
14,24.03978174603175
11,10.015
55,73.149
17,48.10847817460317
55,73.90608333333331
12,10.498571428571429
14,24.481448412698413
21,44.737323412698416
53,73.45774999999999
6,9.699904761904762
22,41.94592234154736
18,23.30319841269841
19,41.14935488122989
14,9.222904761904761
55,74.31774999999999
12,24.20536507936508
20,42.356319166944175
15,24.926420634920635
10,9.888904761904762
56,75.64608333333332
16,41.71617035742036
17,24.821039682539684
6,9.85740476190476
58,72.15524999999998
56,70.63525
9,8.942642857142857
22,37.582751526251535
20,23.123956349206352
9,11.15607142857143
23,45.190849206349206
58,69.09758333333333
21,22.403067460317462
21,27.58195238095238
65,74.44425
10,10.502738095238096
21,39.575630952380955
18,29.59595238095238
10,9.711666666666668
21,41.2322261904762
64,78.25425
17,29.837
7,9.481666666666667
66,77.44425
23,43.2322261904762
9,8.5
24,44.71658333333334
64,74.41608333333333
20,28.4045
20,40.948166666666665
6,7.86
20,24.14
63,71.04875
6,6.8375
21,57.5625
20,27.914499999999997
57,65.02333333333334
44,57.30542857142857
5,6.515
10,28.309906976744188
16,25.6745
16,24.3
3,4.801136363636363
11,21.32742228882229
35,49.63162037037037
8,19.165
4,5.8467388720056555
9,14.590006299256297
33,45.820249999999994
28,36.54619270671858
3,5.620528016768938
11,15.340333333333334
7,12.082766077766077
25,34.14877849291305
5,3.775831013937607
9,12.07422236684737
11,13.155160173160173
7,12.952067604942606
11,13.719493506493507
4,3.365559836501115
27,34.3651356357702
11,17.533928571428575
8,14.683445887445886
32,38.343842501368364
6,4.650951314630828
12,20.399722222222223
11,14.008142857142857
6,5.011247037029915
37,45.092655279503106
6,6.158888888888889
11,15.006666666666666
13,25.19844213139801
44,50.76166666666666
5,9.088166666666666
13,14.52317857142857
52,49.110963369963365
17,37.95402380952381
56,50.16765384615385
17,13.39430844155844
22,37.80313492063492
8,9.46
58,50.107653846153845
14,12.60484415584415
24,37.88718975468975
5,9.812666666666667
6,9.637666666666668
17,12.937439393939394
60,47.840153846153854
18,38.28699286824286
15,36.29873096348096
7,9.524000000000001
55,47.81532051282052
13,14.549031385281385
9,9.649666666666668
16,14.342729797979798
54,51.280987179487184
14,35.4570642968143
15,34.755774614274614
57,50.420987179487184
6,7.974666666666667
17,15.14770815295815
56,48.33665384615384
8,7.420095238095238
14,36.10940556665557
18,16.135629148629146
16,14.885533910533908
17,38.77761435786436
59,55.23872222222222
5,10.10528151260504
11,46.904312770562754
66,59.631638888888894
7,10.003281512605042
20,19.830145021645023
8,9.273047385620915
64,62.74338888888889
16,48.46513095238094
21,21.386047619047623
13,47.0735476190476
22,19.308214285714286
61,63.43088888888889
8,8.968714052287583
20,21.15
15,39.70166666666667
10,7.6387140522875825
64,63.33013888888889
20,21.766666666666666
14,37.478
5,7.414352941176471
60,59.31805555555556
25,23.194499999999998
13,29.0325
6,6.0175
59,59.26833333333334
6,5.38
18,20.5245
11,22.297906976744187
51,51.81642857142857
7,14.147036935286936
5,5.994322510822511
13,22.88
42,41.83714814814815
13,18.675
4,12.83076243201243
3,4.815153252671428
40,39.8465
8,8.342079028704028
34,35.66119270671857
1,4.780224181440179
11,14.867
6,3.395033255864925
6,7.761032972907973
12,13.834294788544788
33,33.3904812346158
5,3.6571078058004773
7,7.668815024190024
13,14.543437645687645
41,33.44926694890151
15,14.722056693306692
6,5.014550862743533
8,10.258016178266175
48,37.971953612479474
10,14.218531746031747
55,43.33336956521739
3,5.2583898941727725
15,13.976086996336994
64,45.41166666666667
6,6.636222222222221
16,16.717123376623377
16,16.256666666666664
73,49.2020467032967
18,15.956011904761906
10,8.941666666666668
20,22.50575
81,49.37123717948718
20,26.08775
21,13.822951298701296
9,9.5135
7,9.831166666666666
91,49.70123717948718
25,12.707487012987013
20,28.092583333333334
10,9.160166666666667
84,49.13457051282052
29,13.028415584415583
21,26.04084884559885
9,8.980666666666666
28,15.308055194805197
27,25.845658369408376
87,48.701987179487176
29,14.485086940836943
12,9.210500000000001
86,50.560987179487185
25,26.55394408369409
10,7.752166666666667
88,50.490987179487185
29,15.010291486291486
21,25.787586940836945
12,7.522595238095238
93,46.69665384615385
24,22.06747222222223
30,16.22971248196248
37,14.99778391053391
107,54.09538888888889
11,10.104448179271708
27,21.069349206349205
26,24.97419902319902
111,59.44163888888889
7,9.78444817927171
42,18.379061688311687
107,62.838388888888886
9,9.231714052287582
41,19.612880952380955
20,26.15269902319902
103,64.27588888888889
8,8.934214052287581
24,24.94733791208791
34,19.510214285714287
10,7.737547385620915
24,24.758722832722828
36,19.733333333333334
99,63.02013888888889
37,19.0525
10,7.703186274509803
97,59.67805555555556
25,23.130753968253966
32,20.4645
92,60.82833333333334
17,22.3625
9,7.2675
75,50.875
5,3.9628571428571426
14,16.252906976744185
31,21.0445
69,41.27714814814815
12,9.814799550123078
27,22.56
5,5.660019480519481
51,38.47316666666667
4,4.63534742124795
22,19.495
10,9.897143467901207
43,38.24458159560746
1,4.875175426273777
19,15.348666666666668
8,7.810494679977418
6,7.745285585207953
41,37.51898917112373
18,14.125687645687645
1,4.199042942256965
1,3.954366145499993
46,38.98327488540944
14,15.047330502830507
6,8.77334938252175
52,44.41420361247947
6,4.882739938373786
19,15.818663836163838
9,10.444873321123318
11,11.534484126984127
19,16.131860805860807
62,49.14003623188406
3,4.905075630252101
4,6.376698412698413
20,17.896666666666665
16,16.003123376623375
72,55.37166666666666
23,22.721999999999998
21,27.29709523809524
9,9.985
93,79.25633333333333
40,29.01732913165266
128,77.32633333333334
12,10.235833333333332
28,24.529591036414562
33,10.705166666666667
33,30.678162464985988
121,78.86866666666667
34,24.51525770308123
40,27.699437897886433
18,9.960833333333333
107,78.48866666666667
35,22.3841862745098
15,9.892166666666666
43,27.663021231219762
39,27.517019607843135
119,79.96561904761906
12,10.312333333333333
36,27.7848545645531
114,79.62561904761905
41,30.526186274509804
112,77.86242857142857
36,26.633890278838816
10,8.783833333333332
37,29.33818627450981
41,25.788914449112987
13,8.257166666666667
116,75.70509523809524
41,29.735686274509806
122,77.09842857142857
43,28.966162464985995
34,24.94100571895426
15,10.416666666666664
30,25.02713926596279
12,10.665
44,31.901019607843136
124,80.81409523809523
121,84.55799999999999
8,10.715
41,31.6135
25,25.397905372405365
10,10.327
28,24.310996642246636
34,33.32366666666667
111,85.24400000000001
98,82.95400000000001
29,23.161548229548224
32,31.288666666666668
11,8.652000000000001
22,22.56307936507936
8,8.097000000000001
98,76.92
37,29.121666666666666
20,18.6825
6,7.2175
89,65.95833333333334
33,27.014499999999998
9,5.01
12,15.432073643410854
31,25.1345
70,56.37
4,5.936686147186147
63,48.98481481481482
8,11.243501931075462
25,24.13
6,5.15232361172414
9,11.193464896472637
55,45.905
22,21.465
9,8.053709326442064
44,39.915901792651795
18,16.267
4,4.967179394527745
40,39.217261749120446
4,4.790285005749028
18,15.94466666666667
9,7.325363326910698
5,3.7202986851825335
45,40.276380796739495
9,8.659038235335602
17,17.12066666666667
8,10.046718559218558
21,18.289333333333335
8,4.86093438281823
54,45.767857142857146
18,19.01666666666667
6,5.573428571428572
11,11.688174603174602
59,48.75003623188406
70,52.83
7,6.381507936507936
20,14.433123376623373
23,21.666666666666664
24,25.2495
25,23.590833333333336
88,96.01333333333332
12,10.136057692307693
32,23.502309523809526
108,93.06333333333332
13,10.356057692307694
34,26.173833333333338
36,25.758499999999998
26,23.93730952380952
10,10.806891025641026
113,87.61499999999998
26,22.383499999999998
30,25.207684523809522
14,10.027557692307692
103,82.48220634920635
39,25.6015
114,83.611123015873
15,9.84222435897436
33,25.43310119047619
36,28.234547619047618
17,10.177391025641025
32,24.79702976190476
115,84.610123015873
36,28.597047619047615
16,8.674391025641025
31,24.465696428571427
102,82.86178968253968
105,80.34545634920634
14,8.019391025641026
35,29.90421428571429
29,26.442958333333337
28,25.862541666666672
11,9.982141025641026
113,81.792623015873
41,28.359380952380953
31,24.777932539682542
44,30.740547619047625
15,9.96347435897436
124,86.16186111111111
112,86.1068611111111
40,30.651130952380953
23,10.039833333333334
26,23.592480158730158
23,21.091738095238096
102,86.24952777777779
17,9.319833333333335
33,29.582416666666667
36,29.218416666666666
22,8.082333333333333
19,20.180404761904764
96,83.52052777777779
34,28.803416666666667
18,8.039
23,22.63590476190476
96,80.25819444444444
14,6.8975
86,64.78
37,27.014499999999998
19,18.93
15,15.432073643410854
76,53.85
11,4.74
24,25.1345
26,24.13
13,10.802630718954246
10,5.331924242424243
63,47.38981481481482
9,10.972058596632127
5,4.762705392102877
26,21.465
48,43.83333333333334
9,8.613820498619027
16,16.267
5,4.458959044580669
45,37.793520840270844
9,7.494082243195402
13,15.94466666666667
40,37.50212096237097
4,4.270784935522231
18,17.12066666666667
8,8.57900715162031
49,38.47612096237097
7,3.810055022377004
13,9.986480463980463
50,43.61696428571428
6,4.58677496909695
21,18.289333333333335
17,19.01666666666667
8,5.253428571428572
14,11.164007936507938
55,48.08003623188406
17,14.677694805194804
22,21.666666666666664
14,6.45234126984127
68,53.27
24,25.2495
12,9.815
22,23.590833333333336
104,77.05
15,10.175
27,23.502309523809526
25,26.173833333333338
112,74.0
117,72.03
36,25.758499999999998
27,23.93730952380952
20,10.545833333333333
103,66.87633333333333
23,25.207684523809522
28,22.383499999999998
17,9.6265
36,25.6015
112,67.33391666666667
32,25.43310119047619
17,9.511166666666666
36,28.234547619047618
16,9.8855
113,68.54891666666667
32,24.79702976190476
26,24.465696428571427
19,8.565
107,67.40891666666667
31,28.597047619047615
111,65.98391666666667
17,7.76
26,26.442958333333337
38,29.90421428571429
40,28.359380952380953
35,25.862541666666672
112,70.31375
19,9.794500000000001
24,24.777932539682542
113,76.00541666666668
9,9.995833333333334
41,30.740547619047625
110,76.89041666666667
13,9.925833333333333
40,30.651130952380953
25,23.592480158730158
101,76.69708333333332
33,29.582416666666667
12,9.245833333333334
22,21.091738095238096
32,29.218416666666666
25,20.180404761904764
15,7.9383333333333335
96,73.28708333333333
25,22.63590476190476
95,72.03375
11,7.775
36,28.803416666666667
9,7.0775
20,18.62
33,27.014499999999998
86,63.77
14,15.697906976744186
30,25.1345
67,54.98
7,4.91
11,12.69
60,48.299814814814816
5,4.917333333333333
27,24.13
49,47.09
7,13.156407425907423
20,21.465
6,5.7644761904761905
5,9.716621320346318
15,16.267
5,5.7371773399014785
43,44.20922222222222
15,15.94466666666667
5,5.872982895457033
41,43.59936507936508
9,9.591855053718211
11,9.845093148956305
6,4.83034126984127
18,17.12066666666667
44,45.04553174603175
12,11.42
19,18.289333333333335
4,5.010809523809523
53,48.13690476190476
9,11.754722222222222
17,19.01666666666667
5,5.436285714285714
57,53.44916666666667
68,63.47
7,6.616031746031747
15,14.777278138528139
25,21.666666666666664
25,25.2495
23,23.590833333333336
88,90.33
15,10.135
28,23.502309523809526
101,90.63
14,10.365
28,26.173833333333338
9,10.8725
99,89.01
29,23.93730952380952
28,25.758499999999998
11,9.773166666666667
33,25.207684523809522
89,82.46799999999999
33,22.383499999999998
38,25.6015
33,25.43310119047619
104,86.20133333333331
10,9.567833333333333
33,28.234547619047618
101,89.09633333333332
31,24.79702976190476
14,10.088833333333334
29,28.597047619047615
95,86.29633333333331
32,24.465696428571427
16,8.793833333333332
90,83.64299999999999
36,26.442958333333337
16,8.1655
32,29.90421428571429
34,28.359380952380953
17,10.355833333333333
95,87.6675
38,25.862541666666672
34,30.740547619047625
105,92.5675
33,24.777932539682542
11,10.259166666666665
35,30.651130952380953
30,10.015833333333333
96,100.3475
31,23.592480158730158
90,93.6175
16,9.195833333333333
28,20.836738095238097
31,29.582416666666667
29,29.218416666666666
22,8.203333333333333
84,89.3675
26,20.180404761904764
78,81.3875
39,22.63590476190476
27,28.803416666666667
12,8.05
